,Analog1[V],Analog2[V],Analog9[V]
"13:22:05.800000",0.000,5.250,0.000
"13:22:06.000000",0.000,5.250,0.001
"13:22:06.200000",0.000,5.250,0.001
"13:22:06.400000",0.000,5.250,0.000
"13:22:06.600000",-0.004,5.250,0.000
"13:22:06.800000",0.000,5.250,0.000
"13:22:07.000000",0.000,5.250,0.000
"13:22:07.200000",0.000,5.250,0.001
"13:22:07.400000",-0.001,5.250,0.001
"13:22:07.600000",0.000,5.250,0.000
"13:22:07.800000",0.000,5.250,0.000
"13:22:08.000000",0.000,5.250,0.001
"13:22:08.200000",0.000,5.250,0.001
"13:22:08.400000",-0.001,5.250,0.000
"13:22:08.600000",0.000,5.250,0.001
"13:22:08.800000",0.000,5.250,0.000
"13:22:09.000000",-0.001,5.250,0.000
"13:22:09.200000",0.000,5.250,0.000
"13:22:09.400000",0.000,5.250,0.000
"13:22:09.600000",0.000,5.250,0.000
"13:22:09.800000",0.000,5.250,0.003
"13:22:10.000000",0.000,5.250,0.000
"13:22:10.200000",-0.001,5.250,0.000
"13:22:10.400000",0.000,5.250,0.000
"13:22:10.600000",-0.001,5.250,0.000
"13:22:10.800000",0.002,5.250,0.002
"13:22:11.000000",0.000,5.250,0.000
"13:22:11.200000",0.000,5.250,0.000
"13:22:11.400000",0.000,5.250,0.001
"13:22:11.600000",0.000,5.250,0.000
"13:22:11.800000",0.000,5.250,0.000
"13:22:12.000000",-0.002,5.250,0.000
"13:22:12.200000",0.000,5.250,0.000
"13:22:12.400000",-0.002,5.250,0.001
"13:22:12.600000",0.000,5.250,0.002
"13:22:12.800000",0.000,5.250,0.001
"13:22:13.000000",-0.001,5.250,0.001
"13:22:13.200000",-0.001,5.250,0.000
"13:22:13.400000",0.000,5.250,0.002
"13:22:13.600000",-0.001,5.250,0.001
"13:22:13.800000",0.000,5.250,0.000
"13:22:14.000000",0.000,5.250,0.001
"13:22:14.200000",0.000,5.250,0.000
"13:22:14.400000",-0.001,5.250,0.001
"13:22:14.600000",-0.001,5.250,0.000
"13:22:14.800000",0.000,5.250,0.000
"13:22:15.000000",-0.001,5.250,0.001
"13:22:15.200000",0.000,5.250,0.000
"13:22:15.400000",0.000,5.250,0.000
"13:22:15.600000",0.000,5.250,0.000
"13:22:15.800000",0.000,5.250,0.002
"13:22:16.000000",0.000,5.250,0.000
"13:22:16.200000",-0.001,5.250,0.000
"13:22:16.400000",0.000,5.250,0.000
"13:22:16.600000",-0.001,5.250,0.001
"13:22:16.800000",-0.001,5.250,0.002
"13:22:17.000000",0.000,5.250,0.000
"13:22:17.200000",0.000,5.250,0.000
"13:22:17.400000",0.000,5.250,0.000
"13:22:17.600000",0.000,5.250,0.001
"13:22:17.800000",0.000,5.250,0.001
"13:22:18.000000",0.000,5.250,0.000
"13:22:18.200000",-0.002,5.250,0.000
"13:22:18.400000",-0.001,5.250,0.001
"13:22:18.600000",0.000,5.250,0.000
"13:22:18.800000",0.000,5.250,0.002
"13:22:19.000000",0.000,5.250,0.003
"13:22:19.200000",0.000,5.250,0.002
"13:22:19.400000",-0.001,5.250,0.000
"13:22:19.600000",0.000,5.250,0.000
"13:22:19.800000",0.000,5.250,0.000
"13:22:20.000000",0.000,5.250,0.000
"13:22:20.200000",-0.001,5.250,0.001
"13:22:20.400000",0.000,5.250,0.000
"13:22:20.600000",0.000,5.250,0.002
"13:22:20.800000",0.000,5.250,0.000
"13:22:21.000000",0.000,5.250,0.000
"13:22:21.200000",0.000,5.250,0.001
"13:22:21.400000",0.000,5.250,0.000
"13:22:21.600000",0.000,5.250,0.000
"13:22:21.800000",0.000,5.250,0.002
"13:22:22.000000",-0.001,5.250,0.002
"13:22:22.200000",0.000,5.250,0.002
"13:22:22.400000",0.000,5.250,0.002
"13:22:22.600000",0.000,5.250,0.000
"13:22:22.800000",0.000,5.250,0.000
"13:22:23.000000",0.000,5.250,0.001
"13:22:23.200000",0.000,5.250,0.000
"13:22:23.400000",0.000,5.250,0.000
"13:22:23.600000",0.000,5.250,0.000
"13:22:23.800000",0.000,5.250,0.001
"13:22:24.000000",0.000,5.250,0.000
"13:22:24.200000",0.000,5.250,0.000
"13:22:24.400000",0.000,5.250,0.000
"13:22:24.600000",-0.002,5.250,0.000
"13:22:24.800000",0.000,5.250,0.000
"13:22:25.000000",-0.001,5.250,0.001
"13:22:25.200000",0.000,5.250,0.000
"13:22:25.400000",0.000,5.250,0.000
"13:22:25.600000",0.000,5.250,0.001
"13:22:25.800000",0.000,5.250,0.001
"13:22:26.000000",0.000,5.250,0.000
"13:22:26.200000",0.000,5.250,0.001
"13:22:26.400000",0.000,5.250,0.000
"13:22:26.600000",-0.002,5.250,-0.002
"13:22:26.800000",0.000,5.250,0.000
"13:22:27.000000",0.000,5.250,0.002
"13:22:27.200000",-0.001,5.250,0.000
"13:22:27.400000",-0.001,5.250,0.000
"13:22:27.600000",-0.004,5.250,0.001
"13:22:27.800000",0.000,5.250,0.001
"13:22:28.000000",0.000,5.250,0.001
"13:22:28.200000",0.000,5.250,0.000
"13:22:28.400000",0.000,5.250,0.001
"13:22:28.600000",0.000,5.250,0.000
"13:22:28.800000",0.000,5.250,0.001
"13:22:29.000000",0.000,5.250,0.000
"13:22:29.200000",0.000,0.051,0.000
"13:22:29.400000",0.000,3.300,-0.001
"13:22:29.600000",-0.001,1.267,-0.002
"13:22:29.800000",0.000,0.092,-0.001
"13:22:30.000000",0.000,5.250,0.002
"13:22:30.200000",-0.001,0.574,-0.002
"13:22:30.400000",0.000,0.374,-0.001
"13:22:30.600000",0.000,0.008,-0.001
"13:22:30.800000",0.000,0.007,-0.001
"13:22:31.000000",0.000,0.376,-0.001
"13:22:31.200000",0.000,0.010,0.000
"13:22:31.400000",0.000,0.011,-0.001
"13:22:31.600000",0.000,0.014,0.000
"13:22:31.800000",0.000,0.017,-0.002
"13:22:32.000000",0.000,0.012,0.000
"13:22:32.200000",0.000,0.024,-0.002
"13:22:32.400000",0.000,0.008,0.000
"13:22:32.600000",0.000,0.007,-0.002
"13:22:32.800000",0.000,0.002,-0.001
"13:22:33.000000",0.000,0.006,-0.001
"13:22:33.200000",0.000,-0.001,0.000
"13:22:33.400000",-0.001,0.000,0.000
"13:22:33.600000",0.000,-0.003,-0.001
"13:22:33.800000",0.000,0.006,-0.002
"13:22:34.000000",-0.001,0.007,0.000
"13:22:34.200000",0.000,0.007,0.000
"13:22:34.400000",-0.001,0.007,0.000
"13:22:34.600000",0.000,0.006,0.000
"13:22:34.800000",-0.001,0.008,-0.002
"13:22:35.000000",0.000,0.007,-0.002
"13:22:35.200000",-0.001,0.006,0.000
"13:22:35.400000",0.000,0.006,-0.001
"13:22:35.600000",0.000,0.005,0.000
"13:22:35.800000",-0.001,0.006,-0.002
"13:22:36.000000",-0.001,0.006,-0.001
"13:22:36.200000",0.000,0.006,0.000
"13:22:36.400000",-0.001,0.006,-0.001
"13:22:36.600000",0.000,0.006,0.000
"13:22:36.800000",0.000,0.006,-0.002
"13:22:37.000000",-0.001,0.006,-0.001
"13:22:37.200000",0.000,0.008,0.000
"13:22:37.400000",0.000,0.007,-0.001
"13:22:37.600000",0.000,0.008,0.000
"13:22:37.800000",0.000,0.008,-0.001
"13:22:38.000000",0.000,0.007,-0.001
"13:22:38.200000",-0.001,0.006,-0.001
"13:22:38.400000",-0.001,0.007,0.000
"13:22:38.600000",-0.001,0.216,0.000
"13:22:38.800000",0.000,0.215,-0.001
"13:22:39.000000",0.000,0.214,-0.002
"13:22:39.200000",-0.002,0.216,0.000
"13:22:39.400000",0.000,0.214,-0.001
"13:22:39.600000",0.000,0.215,-0.001
"13:22:39.800000",0.000,0.215,0.000
"13:22:40.000000",0.000,0.215,-0.002
"13:22:40.200000",0.000,0.007,-0.001
"13:22:40.400000",0.000,0.007,-0.002
"13:22:40.600000",0.000,0.006,0.000
"13:22:40.800000",-0.001,0.007,-0.001
"13:22:41.000000",0.000,0.008,0.000
"13:22:41.200000",0.000,0.006,0.000
"13:22:41.400000",0.000,0.007,-0.001
"13:22:41.600000",0.000,0.006,0.000
"13:22:41.800000",0.000,0.006,0.000
"13:22:42.000000",-0.001,-0.203,0.000
"13:22:42.200000",0.000,-0.204,-0.002
"13:22:42.400000",0.004,-0.203,-0.001
"13:22:42.600000",-0.001,-0.204,-0.001
"13:22:42.800000",0.000,-0.203,-0.001
"13:22:43.000000",0.000,-0.203,-0.002
"13:22:43.200000",-0.001,-0.203,-0.002
"13:22:43.400000",0.000,-0.203,-0.001
"13:22:43.600000",-0.001,-0.202,0.000
"13:22:43.800000",-0.001,-0.079,-0.001
"13:22:44.000000",-0.001,0.006,-0.001
"13:22:44.200000",0.000,0.007,-0.002
"13:22:44.400000",0.000,0.007,-0.001
"13:22:44.600000",0.000,0.007,0.000
"13:22:44.800000",0.000,0.006,-0.001
"13:22:45.000000",0.000,0.006,0.000
"13:22:45.200000",0.000,0.006,-0.002
"13:22:45.400000",0.000,0.006,0.000
"13:22:45.600000",0.000,0.006,-0.002
"13:22:45.800000",0.000,0.005,0.000
"13:22:46.000000",0.000,0.006,0.000
"13:22:46.200000",-0.002,0.006,0.000
"13:22:46.400000",0.000,0.006,0.000
"13:22:46.600000",0.000,0.007,-0.002
"13:22:46.800000",0.000,0.008,0.000
"13:22:47.000000",-0.001,0.007,0.001
"13:22:47.200000",-0.001,0.008,-0.001
"13:22:47.400000",0.000,0.007,-0.001
"13:22:47.600000",0.000,0.007,-0.005
"13:22:47.800000",-0.001,0.006,-0.001
"13:22:48.000000",0.000,0.006,-0.001
"13:22:48.200000",-0.001,0.006,0.000
"13:22:48.400000",-0.001,0.006,0.000
"13:22:48.600000",0.000,0.006,-0.001
"13:22:48.800000",-0.001,0.006,0.000
"13:22:49.000000",0.000,0.006,-0.003
"13:22:49.200000",-0.001,0.006,0.000
"13:22:49.400000",0.000,0.006,0.000
"13:22:49.600000",0.000,0.006,-0.001
"13:22:49.800000",0.000,0.006,0.000
"13:22:50.000000",0.000,0.008,0.000
"13:22:50.200000",-0.001,0.006,0.000
"13:22:50.400000",0.000,0.008,-0.001
"13:22:50.600000",0.000,0.007,-0.001
"13:22:50.800000",0.000,0.006,-0.002
"13:22:51.000000",-0.001,0.006,0.000
"13:22:51.200000",0.000,0.006,0.000
"13:22:51.400000",-0.001,0.006,-0.002
"13:22:51.600000",-0.001,0.006,-0.001
"13:22:51.800000",0.000,0.006,-0.002
"13:22:52.000000",0.000,0.005,0.000
"13:22:52.200000",0.000,0.006,-0.001
"13:22:52.400000",0.000,0.006,-0.002
"13:22:52.600000",0.000,0.006,0.000
"13:22:52.800000",-0.001,0.006,0.000
"13:22:53.000000",-0.001,0.007,0.000
"13:22:53.200000",0.000,0.007,-0.001
"13:22:53.400000",-0.001,0.007,-0.001
"13:22:53.600000",-0.001,0.008,0.000
"13:22:53.800000",-0.002,0.008,-0.003
"13:22:54.000000",0.000,0.007,-0.001
"13:22:54.200000",0.000,0.006,-0.001
"13:22:54.400000",0.000,0.006,-0.002
"13:22:54.600000",0.000,0.006,-0.001
"13:22:54.800000",0.000,0.006,0.000
"13:22:55.000000",0.005,0.006,0.002
"13:22:55.200000",0.019,0.007,0.002
"13:22:55.400000",0.032,0.008,0.002
"13:22:55.600000",0.046,0.008,0.004
"13:22:55.800000",0.057,0.010,0.006
"13:22:56.000000",0.071,0.010,0.005
"13:22:56.200000",0.080,0.012,0.008
"13:22:56.400000",0.090,0.012,0.007
"13:22:56.600000",0.098,0.012,0.008
"13:22:56.800000",0.105,0.014,0.010
"13:22:57.000000",0.113,0.014,0.010
"13:22:57.200000",0.119,0.014,0.012
"13:22:57.400000",0.126,0.015,0.012
"13:22:57.600000",0.132,0.015,0.014
"13:22:57.800000",0.136,0.014,0.017
"13:22:58.000000",0.139,0.014,0.017
"13:22:58.200000",0.140,0.015,0.017
"13:22:58.400000",0.144,0.015,0.019
"13:22:58.600000",0.148,0.014,0.021
"13:22:58.800000",0.151,0.015,0.020
"13:22:59.000000",0.156,0.016,0.023
"13:22:59.200000",0.159,0.017,0.023
"13:22:59.400000",0.163,0.017,0.025
"13:22:59.600000",0.167,0.018,0.025
"13:22:59.800000",0.172,0.018,0.027
"13:23:00.000000",0.177,0.019,0.027
"13:23:00.200000",0.180,0.019,0.029
"13:23:00.400000",0.184,0.019,0.029
"13:23:00.600000",0.188,0.019,0.031
"13:23:00.800000",0.194,0.019,0.033
"13:23:01.000000",0.198,0.019,0.032
"13:23:01.200000",0.203,0.019,0.036
"13:23:01.400000",0.208,0.020,0.036
"13:23:01.600000",0.211,0.020,0.037
"13:23:01.800000",0.215,0.020,0.039
"13:23:02.000000",0.219,0.021,0.040
"13:23:02.200000",0.224,0.021,0.040
"13:23:02.400000",0.228,0.021,0.041
"13:23:02.600000",0.232,0.023,0.041
"13:23:02.800000",0.235,0.023,0.044
"13:23:03.000000",0.241,0.023,0.044
"13:23:03.200000",0.244,0.024,0.045
"13:23:03.400000",0.250,0.023,0.047
"13:23:03.600000",0.252,0.025,0.048
"13:23:03.800000",0.257,0.025,0.049
"13:23:04.000000",0.260,0.025,0.049
"13:23:04.200000",0.263,0.025,0.051
"13:23:04.400000",0.269,0.025,0.051
"13:23:04.600000",0.272,0.025,0.053
"13:23:04.800000",0.277,0.026,0.055
"13:23:05.000000",0.279,0.025,0.057
"13:23:05.200000",0.284,0.027,0.055
"13:23:05.400000",0.288,0.028,0.057
"13:23:05.600000",0.292,0.027,0.059
"13:23:05.800000",0.295,0.028,0.059
"13:23:06.000000",0.299,0.029,0.061
"13:23:06.200000",0.303,0.028,0.064
"13:23:06.400000",0.307,0.029,0.064
"13:23:06.600000",0.310,0.029,0.066
"13:23:06.800000",0.314,0.030,0.066
"13:23:07.000000",0.316,0.030,0.067
"13:23:07.200000",0.321,0.031,0.068
"13:23:07.400000",0.325,0.032,0.070
"13:23:07.600000",0.327,0.031,0.070
"13:23:07.800000",0.333,0.032,0.070
"13:23:08.000000",0.336,0.032,0.072
"13:23:08.200000",0.339,0.030,0.072
"13:23:08.400000",0.343,0.032,0.074
"13:23:08.600000",0.345,0.033,0.077
"13:23:08.800000",0.348,0.034,0.077
"13:23:09.000000",0.353,0.034,0.077
"13:23:09.200000",0.353,0.035,0.079
"13:23:09.400000",0.358,0.035,0.081
"13:23:09.600000",0.357,0.036,0.081
"13:23:09.800000",0.363,0.036,0.082
"13:23:10.000000",0.366,0.037,0.086
"13:23:10.200000",0.371,0.036,0.085
"13:23:10.400000",0.373,0.037,0.085
"13:23:10.600000",0.376,0.038,0.086
"13:23:10.800000",0.379,0.038,0.088
"13:23:11.000000",0.382,0.038,0.089
"13:23:11.200000",0.385,0.038,0.089
"13:23:11.400000",0.387,0.038,0.091
"13:23:11.600000",0.389,0.039,0.092
"13:23:11.800000",0.394,0.039,0.092
"13:23:12.000000",0.398,0.040,0.094
"13:23:12.200000",0.402,0.041,0.096
"13:23:12.400000",0.403,0.041,0.096
"13:23:12.600000",0.406,0.042,0.097
"13:23:12.800000",0.410,0.042,0.098
"13:23:13.000000",0.413,0.043,0.100
"13:23:13.200000",0.416,0.043,0.102
"13:23:13.400000",0.419,0.043,0.102
"13:23:13.600000",0.421,0.044,0.103
"13:23:13.800000",0.425,0.044,0.103
"13:23:14.000000",0.429,0.044,0.105
"13:23:14.200000",0.433,0.046,0.106
"13:23:14.400000",0.436,0.047,0.108
"13:23:14.600000",0.438,0.047,0.109
"13:23:14.800000",0.442,0.049,0.110
"13:23:15.000000",0.446,0.049,0.111
"13:23:15.200000",0.450,0.049,0.112
"13:23:15.400000",0.453,0.052,0.113
"13:23:15.600000",0.455,0.053,0.115
"13:23:15.800000",0.458,0.053,0.116
"13:23:16.000000",0.461,0.053,0.116
"13:23:16.200000",0.463,0.053,0.117
"13:23:16.400000",0.466,0.055,0.119
"13:23:16.600000",0.468,0.056,0.120
"13:23:16.800000",0.471,0.056,0.121
"13:23:17.000000",0.475,0.056,0.121
"13:23:17.200000",0.477,0.057,0.124
"13:23:17.400000",0.480,0.059,0.123
"13:23:17.600000",0.482,0.060,0.126
"13:23:17.800000",0.484,0.062,0.126
"13:23:18.000000",0.486,0.062,0.128
"13:23:18.200000",0.490,0.064,0.129
"13:23:18.400000",0.492,0.066,0.130
"13:23:18.600000",0.494,0.067,0.130
"13:23:18.800000",0.496,0.068,0.132
"13:23:19.000000",0.497,0.070,0.133
"13:23:19.200000",0.498,0.071,0.133
"13:23:19.400000",0.496,0.072,0.134
"13:23:19.600000",0.497,0.073,0.136
"13:23:19.800000",0.488,0.072,0.136
"13:23:20.000000",0.484,0.072,0.139
"13:23:20.200000",0.482,0.072,0.140
"13:23:20.400000",0.488,0.071,0.141
"13:23:20.600000",0.488,0.072,0.141
"13:23:20.800000",0.488,0.073,0.144
"13:23:21.000000",0.488,0.073,0.145
"13:23:21.200000",0.488,0.072,0.145
"13:23:21.400000",0.488,0.074,0.146
"13:23:21.600000",0.488,0.074,0.148
"13:23:21.800000",0.488,0.074,0.148
"13:23:22.000000",0.489,0.074,0.149
"13:23:22.200000",0.488,0.074,0.150
"13:23:22.400000",0.490,0.074,0.152
"13:23:22.600000",0.488,0.074,0.151
"13:23:22.800000",0.488,0.074,0.154
"13:23:23.000000",0.487,0.074,0.156
"13:23:23.200000",0.489,0.072,0.158
"13:23:23.400000",0.490,0.073,0.157
"13:23:23.600000",0.489,0.073,0.158
"13:23:23.800000",0.489,0.074,0.159
"13:23:24.000000",0.488,0.074,0.161
"13:23:24.200000",0.490,0.074,0.163
"13:23:24.400000",0.490,0.075,0.162
"13:23:24.600000",0.489,0.074,0.165
"13:23:24.800000",0.490,0.075,0.166
"13:23:25.000000",0.490,0.075,0.165
"13:23:25.200000",0.490,0.074,0.167
"13:23:25.400000",0.490,0.075,0.169
"13:23:25.600000",0.490,0.076,0.170
"13:23:25.800000",0.490,0.075,0.170
"13:23:26.000000",0.489,0.075,0.172
"13:23:26.200000",0.488,0.075,0.173
"13:23:26.400000",0.490,0.074,0.175
"13:23:26.600000",0.490,0.074,0.175
"13:23:26.800000",0.490,0.074,0.176
"13:23:27.000000",0.488,0.074,0.177
"13:23:27.200000",0.488,0.075,0.179
"13:23:27.400000",0.489,0.074,0.179
"13:23:27.600000",0.489,0.075,0.181
"13:23:27.800000",0.490,0.075,0.182
"13:23:28.000000",0.490,0.077,0.182
"13:23:28.200000",0.489,0.076,0.184
"13:23:28.400000",0.489,0.079,0.184
"13:23:28.600000",0.488,0.075,0.186
"13:23:28.800000",0.490,0.077,0.187
"13:23:29.000000",0.490,0.075,0.190
"13:23:29.200000",0.490,0.076,0.188
"13:23:29.400000",0.490,0.076,0.192
"13:23:29.600000",0.490,0.076,0.190
"13:23:29.800000",0.490,0.076,0.192
"13:23:30.000000",0.490,0.076,0.194
"13:23:30.200000",0.490,0.077,0.196
"13:23:30.400000",0.490,0.077,0.196
"13:23:30.600000",0.492,0.077,0.196
"13:23:30.800000",0.490,0.077,0.199
"13:23:31.000000",0.491,0.079,0.200
"13:23:31.200000",0.492,0.080,0.201
"13:23:31.400000",0.490,0.079,0.201
"13:23:31.600000",0.491,0.081,0.203
"13:23:31.800000",0.490,0.079,0.204
"13:23:32.000000",0.491,0.079,0.205
"13:23:32.200000",0.492,0.081,0.207
"13:23:32.400000",0.491,0.081,0.207
"13:23:32.600000",0.493,0.083,0.208
"13:23:32.800000",0.492,0.083,0.210
"13:23:33.000000",0.492,0.085,0.210
"13:23:33.200000",0.492,0.085,0.211
"13:23:33.400000",0.493,0.088,0.214
"13:23:33.600000",0.492,0.092,0.214
"13:23:33.800000",0.493,0.093,0.216
"13:23:34.000000",0.493,0.097,0.217
"13:23:34.200000",0.493,0.102,0.218
"13:23:34.400000",0.493,0.106,0.220
"13:23:34.600000",0.492,0.112,0.221
"13:23:34.800000",0.492,0.117,0.222
"13:23:35.000000",0.493,0.123,0.222
"13:23:35.200000",0.494,0.130,0.223
"13:23:35.400000",0.494,0.137,0.224
"13:23:35.600000",0.492,0.145,0.226
"13:23:35.800000",0.493,0.154,0.227
"13:23:36.000000",0.494,0.163,0.228
"13:23:36.200000",0.494,0.173,0.230
"13:23:36.400000",0.494,0.184,0.231
"13:23:36.600000",0.494,0.194,0.232
"13:23:36.800000",0.493,0.205,0.231
"13:23:37.000000",0.494,0.217,0.235
"13:23:37.200000",0.493,0.229,0.235
"13:23:37.400000",0.493,0.241,0.235
"13:23:37.600000",0.493,0.252,0.235
"13:23:37.800000",0.494,0.266,0.239
"13:23:38.000000",0.495,0.279,0.239
"13:23:38.200000",0.494,0.292,0.239
"13:23:38.400000",0.493,0.304,0.240
"13:23:38.600000",0.495,0.319,0.243
"13:23:38.800000",0.494,0.333,0.243
"13:23:39.000000",0.493,0.347,0.244
"13:23:39.200000",0.494,0.362,0.246
"13:23:39.400000",0.494,0.375,0.245
"13:23:39.600000",0.494,0.391,0.248
"13:23:39.800000",0.494,0.406,0.248
"13:23:40.000000",0.494,0.421,0.251
"13:23:40.200000",0.495,0.438,0.252
"13:23:40.400000",0.494,0.453,0.252
"13:23:40.600000",0.495,0.469,0.252
"13:23:40.800000",0.494,0.484,0.254
"13:23:41.000000",0.494,0.500,0.256
"13:23:41.200000",0.494,0.514,0.257
"13:23:41.400000",0.495,0.530,0.258
"13:23:41.600000",0.494,0.545,0.259
"13:23:41.800000",0.495,0.560,0.259
"13:23:42.000000",0.495,0.575,0.260
"13:23:42.200000",0.494,0.589,0.262
"13:23:42.400000",0.494,0.602,0.263
"13:23:42.600000",0.494,0.616,0.265
"13:23:42.800000",0.495,0.629,0.267
"13:23:43.000000",0.493,0.642,0.267
"13:23:43.200000",0.494,0.653,0.268
"13:23:43.400000",0.494,0.665,0.269
"13:23:43.600000",0.494,0.674,0.269
"13:23:43.800000",0.494,0.686,0.270
"13:23:44.000000",0.494,0.693,0.273
"13:23:44.200000",0.494,0.702,0.273
"13:23:44.400000",0.494,0.710,0.274
"13:23:44.600000",0.494,0.719,0.276
"13:23:44.800000",0.494,0.725,0.277
"13:23:45.000000",0.494,0.734,0.278
"13:23:45.200000",0.496,0.741,0.279
"13:23:45.400000",0.494,0.749,0.280
"13:23:45.600000",0.496,0.756,0.280
"13:23:45.800000",0.494,0.763,0.282
"13:23:46.000000",0.495,0.770,0.283
"13:23:46.200000",0.495,0.779,0.284
"13:23:46.400000",0.494,0.787,0.286
"13:23:46.600000",0.495,0.794,0.287
"13:23:46.800000",0.495,0.800,0.288
"13:23:47.000000",0.495,0.804,0.288
"13:23:47.200000",0.495,0.815,0.288
"13:23:47.400000",0.496,0.821,0.291
"13:23:47.600000",0.495,0.829,0.292
"13:23:47.800000",0.496,0.834,0.293
"13:23:48.000000",0.494,0.841,0.296
"13:23:48.200000",0.496,0.846,0.295
"13:23:48.400000",0.495,0.853,0.297
"13:23:48.600000",0.495,0.858,0.298
"13:23:48.800000",0.495,0.862,0.298
"13:23:49.000000",0.496,0.868,0.300
"13:23:49.200000",0.495,0.873,0.299
"13:23:49.400000",0.494,0.877,0.302
"13:23:49.600000",0.496,0.881,0.303
"13:23:49.800000",0.496,0.884,0.303
"13:23:50.000000",0.494,0.888,0.305
"13:23:50.200000",0.494,0.891,0.305
"13:23:50.400000",0.494,0.892,0.308
"13:23:50.600000",0.494,0.896,0.308
"13:23:50.800000",0.494,0.897,0.310
"13:23:51.000000",0.494,0.900,0.312
"13:23:51.200000",0.494,0.902,0.312
"13:23:51.400000",0.494,0.905,0.312
"13:23:51.600000",0.494,0.907,0.314
"13:23:51.800000",0.493,0.908,0.315
"13:23:52.000000",0.494,0.911,0.317
"13:23:52.200000",0.494,0.911,0.317
"13:23:52.400000",0.493,0.914,0.318
"13:23:52.600000",0.494,0.917,0.320
"13:23:52.800000",0.494,0.918,0.321
"13:23:53.000000",0.493,0.920,0.321
"13:23:53.200000",0.492,0.922,0.322
"13:23:53.400000",0.491,0.924,0.324
"13:23:53.600000",0.492,0.924,0.325
"13:23:53.800000",0.492,0.925,0.327
"13:23:54.000000",0.491,0.926,0.329
"13:23:54.200000",0.491,0.926,0.328
"13:23:54.400000",0.491,0.928,0.329
"13:23:54.600000",0.489,0.928,0.331
"13:23:54.800000",0.490,0.929,0.333
"13:23:55.000000",0.490,0.931,0.332
"13:23:55.200000",0.490,0.931,0.334
"13:23:55.400000",0.489,0.932,0.336
"13:23:55.600000",0.489,0.934,0.336
"13:23:55.800000",0.489,0.935,0.337
"13:23:56.000000",0.488,0.936,0.339
"13:23:56.200000",0.490,0.938,0.339
"13:23:56.400000",0.488,0.939,0.341
"13:23:56.600000",0.488,0.938,0.342
"13:23:56.800000",0.488,0.940,0.344
"13:23:57.000000",0.488,0.940,0.344
"13:23:57.200000",0.488,0.941,0.345
"13:23:57.400000",0.490,0.941,0.347
"13:23:57.600000",0.489,0.943,0.347
"13:23:57.800000",0.488,0.943,0.348
"13:23:58.000000",0.488,0.944,0.350
"13:23:58.200000",0.488,0.946,0.350
"13:23:58.400000",0.488,0.947,0.353
"13:23:58.600000",0.489,0.948,0.352
"13:23:58.800000",0.487,0.949,0.354
"13:23:59.000000",0.488,0.950,0.356
"13:23:59.200000",0.488,0.950,0.356
"13:23:59.400000",0.488,0.951,0.353
"13:23:59.600000",0.488,0.952,0.359
"13:23:59.800000",0.490,0.952,0.360
"13:24:00.000000",0.487,0.953,0.361
"13:24:00.200000",0.487,0.954,0.361
"13:24:00.400000",0.489,0.955,0.363
"13:24:00.600000",0.489,0.955,0.363
"13:24:00.800000",0.488,0.956,0.365
"13:24:01.000000",0.489,0.956,0.366
"13:24:01.200000",0.488,0.957,0.367
"13:24:01.400000",0.489,0.958,0.368
"13:24:01.600000",0.488,0.960,0.370
"13:24:01.800000",0.489,0.960,0.372
"13:24:02.000000",0.488,0.961,0.372
"13:24:02.200000",0.490,0.963,0.372
"13:24:02.400000",0.489,0.963,0.374
"13:24:02.600000",0.490,0.965,0.374
"13:24:02.800000",0.491,0.964,0.377
"13:24:03.000000",0.490,0.966,0.378
"13:24:03.200000",0.490,0.966,0.378
"13:24:03.400000",0.491,0.967,0.380
"13:24:03.600000",0.492,0.968,0.381
"13:24:03.800000",0.492,0.969,0.382
"13:24:04.000000",0.491,0.971,0.385
"13:24:04.200000",0.494,0.973,0.384
"13:24:04.400000",0.492,0.974,0.385
"13:24:04.600000",0.492,0.975,0.387
"13:24:04.800000",0.492,0.976,0.389
"13:24:05.000000",0.492,0.978,0.389
"13:24:05.200000",0.494,0.980,0.389
"13:24:05.400000",0.494,0.980,0.391
"13:24:05.600000",0.492,0.982,0.391
"13:24:05.800000",0.494,0.983,0.393
"13:24:06.000000",0.492,0.984,0.394
"13:24:06.200000",0.493,0.985,0.397
"13:24:06.400000",0.494,0.986,0.395
"13:24:06.600000",0.493,0.988,0.398
"13:24:06.800000",0.494,0.990,0.398
"13:24:07.000000",0.493,0.991,0.400
"13:24:07.200000",0.494,0.992,0.402
"13:24:07.400000",0.494,0.994,0.402
"13:24:07.600000",0.495,0.997,0.402
"13:24:07.800000",0.494,0.998,0.404
"13:24:08.000000",0.494,0.999,0.407
"13:24:08.200000",0.494,1.002,0.406
"13:24:08.400000",0.496,1.003,0.407
"13:24:08.600000",0.495,1.004,0.409
"13:24:08.800000",0.495,1.007,0.410
"13:24:09.000000",0.495,1.008,0.409
"13:24:09.200000",0.496,1.009,0.412
"13:24:09.400000",0.495,1.011,0.413
"13:24:09.600000",0.497,1.013,0.413
"13:24:09.800000",0.496,1.015,0.416
"13:24:10.000000",0.496,1.017,0.416
"13:24:10.200000",0.497,1.018,0.417
"13:24:10.400000",0.496,1.021,0.419
"13:24:10.600000",0.496,1.023,0.421
"13:24:10.800000",0.497,1.025,0.421
"13:24:11.000000",0.496,1.028,0.422
"13:24:11.200000",0.496,1.031,0.423
"13:24:11.400000",0.496,1.033,0.423
"13:24:11.600000",0.496,1.034,0.425
"13:24:11.800000",0.498,1.036,0.427
"13:24:12.000000",0.497,1.038,0.428
"13:24:12.200000",0.498,1.040,0.429
"13:24:12.400000",0.497,1.041,0.430
"13:24:12.600000",0.497,1.044,0.432
"13:24:12.800000",0.497,1.046,0.432
"13:24:13.000000",0.498,1.049,0.433
"13:24:13.200000",0.498,1.051,0.434
"13:24:13.400000",0.497,1.053,0.436
"13:24:13.600000",0.498,1.056,0.436
"13:24:13.800000",0.498,1.059,0.436
"13:24:14.000000",0.497,1.061,0.439
"13:24:14.200000",0.498,1.063,0.440
"13:24:14.400000",0.498,1.066,0.442
"13:24:14.600000",0.498,1.069,0.441
"13:24:14.800000",0.498,1.071,0.444
"13:24:15.000000",0.498,1.073,0.444
"13:24:15.200000",0.500,1.076,0.444
"13:24:15.400000",0.498,1.078,0.447
"13:24:15.600000",0.498,1.080,0.447
"13:24:15.800000",0.498,1.083,0.447
"13:24:16.000000",0.498,1.085,0.449
"13:24:16.200000",0.498,1.087,0.451
"13:24:16.400000",0.500,1.091,0.451
"13:24:16.600000",0.498,1.094,0.453
"13:24:16.800000",0.499,1.096,0.453
"13:24:17.000000",0.499,1.099,0.455
"13:24:17.200000",0.498,1.101,0.458
"13:24:17.400000",0.499,1.104,0.459
"13:24:17.600000",0.499,1.107,0.458
"13:24:17.800000",0.498,1.109,0.460
"13:24:18.000000",0.498,1.111,0.460
"13:24:18.200000",0.498,1.114,0.462
"13:24:18.400000",0.499,1.115,0.462
"13:24:18.600000",0.500,1.119,0.463
"13:24:18.800000",0.499,1.122,0.466
"13:24:19.000000",0.499,1.125,0.466
"13:24:19.200000",0.500,1.127,0.468
"13:24:19.400000",0.500,1.130,0.468
"13:24:19.600000",0.500,1.134,0.470
"13:24:19.800000",0.500,1.136,0.470
"13:24:20.000000",0.498,1.139,0.473
"13:24:20.200000",0.500,1.141,0.475
"13:24:20.400000",0.500,1.145,0.475
"13:24:20.600000",0.500,1.147,0.475
"13:24:20.800000",0.499,1.149,0.477
"13:24:21.000000",0.500,1.153,0.478
"13:24:21.200000",0.500,1.155,0.478
"13:24:21.400000",0.500,1.157,0.479
"13:24:21.600000",0.500,1.160,0.481
"13:24:21.800000",0.499,1.162,0.481
"13:24:22.000000",0.500,1.165,0.483
"13:24:22.200000",0.500,1.168,0.484
"13:24:22.400000",0.500,1.172,0.486
"13:24:22.600000",0.502,1.175,0.485
"13:24:22.800000",0.500,1.178,0.487
"13:24:23.000000",0.500,1.180,0.488
"13:24:23.200000",0.500,1.183,0.488
"13:24:23.400000",0.500,1.185,0.490
"13:24:23.600000",0.500,1.189,0.491
"13:24:23.800000",0.500,1.191,0.493
"13:24:24.000000",0.500,1.194,0.494
"13:24:24.200000",0.501,1.197,0.495
"13:24:24.400000",0.503,1.200,0.495
"13:24:24.600000",0.501,1.202,0.497
"13:24:24.800000",0.500,1.205,0.498
"13:24:25.000000",0.500,1.207,0.499
"13:24:25.200000",0.503,1.211,0.500
"13:24:25.400000",0.502,1.211,0.503
"13:24:25.600000",0.500,1.217,0.503
"13:24:25.800000",0.501,1.221,0.505
"13:24:26.000000",0.502,1.223,0.503
"13:24:26.200000",0.503,1.226,0.506
"13:24:26.400000",0.502,1.229,0.508
"13:24:26.600000",0.501,1.232,0.509
"13:24:26.800000",0.501,1.235,0.511
"13:24:27.000000",0.501,1.237,0.511
"13:24:27.200000",0.502,1.240,0.512
"13:24:27.400000",0.502,1.241,0.513
"13:24:27.600000",0.500,1.245,0.515
"13:24:27.800000",0.501,1.248,0.515
"13:24:28.000000",0.502,1.250,0.516
"13:24:28.200000",0.502,1.254,0.518
"13:24:28.400000",0.501,1.257,0.516
"13:24:28.600000",0.502,1.261,0.520
"13:24:28.800000",0.503,1.264,0.522
"13:24:29.000000",0.503,1.267,0.522
"13:24:29.200000",0.502,1.269,0.523
"13:24:29.400000",0.502,1.273,0.525
"13:24:29.600000",0.502,1.275,0.526
"13:24:29.800000",0.501,1.278,0.526
"13:24:30.000000",0.502,1.281,0.529
"13:24:30.200000",0.503,1.284,0.528
"13:24:30.400000",0.502,1.286,0.530
"13:24:30.600000",0.503,1.289,0.532
"13:24:30.800000",0.503,1.292,0.532
"13:24:31.000000",0.501,1.295,0.532
"13:24:31.200000",0.502,1.299,0.535
"13:24:31.400000",0.503,1.301,0.535
"13:24:31.600000",0.503,1.305,0.533
"13:24:31.800000",0.502,1.307,0.539
"13:24:32.000000",0.503,1.313,0.537
"13:24:32.200000",0.503,1.312,0.539
"13:24:32.400000",0.502,1.316,0.540
"13:24:32.600000",0.501,1.318,0.541
"13:24:32.800000",0.503,1.321,0.543
"13:24:33.000000",0.505,1.324,0.544
"13:24:33.200000",0.504,1.327,0.545
"13:24:33.400000",0.503,1.329,0.546
"13:24:33.600000",0.503,1.333,0.547
"13:24:33.800000",0.503,1.335,0.549
"13:24:34.000000",0.503,1.338,0.550
"13:24:34.200000",0.503,1.342,0.552
"13:24:34.400000",0.503,1.345,0.552
"13:24:34.600000",0.503,1.348,0.552
"13:24:34.800000",0.503,1.351,0.554
"13:24:35.000000",0.503,1.354,0.556
"13:24:35.200000",0.503,1.357,0.556
"13:24:35.400000",0.503,1.359,0.558
"13:24:35.600000",0.505,1.363,0.558
"13:24:35.800000",0.503,1.365,0.560
"13:24:36.000000",0.503,1.368,0.561
"13:24:36.200000",0.503,1.369,0.562
"13:24:36.400000",0.503,1.374,0.562
"13:24:36.600000",0.503,1.377,0.565
"13:24:36.800000",0.503,1.380,0.565
"13:24:37.000000",0.503,1.383,0.567
"13:24:37.200000",0.504,1.386,0.567
"13:24:37.400000",0.503,1.390,0.567
"13:24:37.600000",0.504,1.393,0.569
"13:24:37.800000",0.505,1.395,0.571
"13:24:38.000000",0.503,1.399,0.573
"13:24:38.200000",0.503,1.403,0.573
"13:24:38.400000",0.503,1.404,0.573
"13:24:38.600000",0.503,1.407,0.575
"13:24:38.800000",0.504,1.410,0.576
"13:24:39.000000",0.505,1.412,0.578
"13:24:39.200000",0.503,1.416,0.579
"13:24:39.400000",0.505,1.418,0.579
"13:24:39.600000",0.504,1.420,0.580
"13:24:39.800000",0.504,1.424,0.582
"13:24:40.000000",0.503,1.427,0.583
"13:24:40.200000",0.504,1.431,0.584
"13:24:40.400000",0.504,1.434,0.587
"13:24:40.600000",0.503,1.435,0.587
"13:24:40.800000",0.505,1.440,0.586
"13:24:41.000000",0.503,1.442,0.590
"13:24:41.200000",0.505,1.446,0.590
"13:24:41.400000",0.504,1.449,0.590
"13:24:41.600000",0.505,1.451,0.592
"13:24:41.800000",0.504,1.454,0.593
"13:24:42.000000",0.504,1.457,0.594
"13:24:42.200000",0.505,1.459,0.595
"13:24:42.400000",0.505,1.462,0.596
"13:24:42.600000",0.505,1.465,0.597
"13:24:42.800000",0.504,1.468,0.599
"13:24:43.000000",0.505,1.472,0.600
"13:24:43.200000",0.505,1.474,0.600
"13:24:43.400000",0.504,1.477,0.601
"13:24:43.600000",0.505,1.481,0.603
"13:24:43.800000",0.505,1.484,0.603
"13:24:44.000000",0.505,1.486,0.606
"13:24:44.200000",0.505,1.489,0.603
"13:24:44.400000",0.505,1.491,0.608
"13:24:44.600000",0.505,1.493,0.608
"13:24:44.800000",0.505,1.496,0.609
"13:24:45.000000",0.504,1.500,0.611
"13:24:45.200000",0.505,1.502,0.612
"13:24:45.400000",0.505,1.506,0.614
"13:24:45.600000",0.504,1.508,0.613
"13:24:45.800000",0.505,1.511,0.614
"13:24:46.000000",0.505,1.515,0.616
"13:24:46.200000",0.507,1.519,0.617
"13:24:46.400000",0.505,1.521,0.618
"13:24:46.600000",0.504,1.524,0.621
"13:24:46.800000",0.505,1.526,0.621
"13:24:47.000000",0.506,1.530,0.622
"13:24:47.200000",0.505,1.532,0.623
"13:24:47.400000",0.505,1.536,0.625
"13:24:47.600000",0.505,1.536,0.625
"13:24:47.800000",0.505,1.541,0.626
"13:24:48.000000",0.505,1.543,0.627
"13:24:48.200000",0.504,1.546,0.629
"13:24:48.400000",0.507,1.549,0.629
"13:24:48.600000",0.503,1.551,0.633
"13:24:48.800000",0.505,1.556,0.632
"13:24:49.000000",0.504,1.559,0.633
"13:24:49.200000",0.505,1.561,0.635
"13:24:49.400000",0.505,1.564,0.634
"13:24:49.600000",0.505,1.568,0.636
"13:24:49.800000",0.505,1.570,0.639
"13:24:50.000000",0.507,1.573,0.639
"13:24:50.200000",0.505,1.575,0.640
"13:24:50.400000",0.506,1.579,0.641
"13:24:50.600000",0.505,1.581,0.643
"13:24:50.800000",0.505,1.584,0.644
"13:24:51.000000",0.506,1.587,0.645
"13:24:51.200000",0.507,1.590,0.645
"13:24:51.400000",0.505,1.592,0.647
"13:24:51.600000",0.505,1.595,0.648
"13:24:51.800000",0.507,1.598,0.648
"13:24:52.000000",0.506,1.601,0.650
"13:24:52.200000",0.506,1.605,0.650
"13:24:52.400000",0.506,1.608,0.652
"13:24:52.600000",0.505,1.611,0.651
"13:24:52.800000",0.505,1.613,0.654
"13:24:53.000000",0.507,1.616,0.655
"13:24:53.200000",0.507,1.618,0.656
"13:24:53.400000",0.505,1.621,0.659
"13:24:53.600000",0.506,1.624,0.660
"13:24:53.800000",0.506,1.626,0.659
"13:24:54.000000",0.505,1.628,0.660
"13:24:54.200000",0.506,1.633,0.663
"13:24:54.400000",0.505,1.635,0.664
"13:24:54.600000",0.506,1.638,0.663
"13:24:54.800000",0.506,1.641,0.665
"13:24:55.000000",0.506,1.645,0.667
"13:24:55.200000",0.506,1.647,0.669
"13:24:55.400000",0.506,1.650,0.669
"13:24:55.600000",0.507,1.653,0.669
"13:24:55.800000",0.507,1.656,0.672
"13:24:56.000000",0.506,1.658,0.672
"13:24:56.200000",0.507,1.661,0.673
"13:24:56.400000",0.506,1.665,0.674
"13:24:56.600000",0.505,1.665,0.676
"13:24:56.800000",0.505,1.668,0.676
"13:24:57.000000",0.507,1.671,0.677
"13:24:57.200000",0.507,1.674,0.678
"13:24:57.400000",0.507,1.677,0.679
"13:24:57.600000",0.507,1.680,0.681
"13:24:57.800000",0.507,1.684,0.680
"13:24:58.000000",0.506,1.686,0.684
"13:24:58.200000",0.505,1.688,0.684
"13:24:58.400000",0.506,1.692,0.685
"13:24:58.600000",0.507,1.695,0.687
"13:24:58.800000",0.505,1.698,0.689
"13:24:59.000000",0.505,1.700,0.689
"13:24:59.200000",0.507,1.702,0.690
"13:24:59.400000",0.505,1.705,0.691
"13:24:59.600000",0.506,1.708,0.691
"13:24:59.800000",0.506,1.711,0.695
"13:25:00.000000",0.508,1.714,0.693
"13:25:00.200000",0.505,1.719,0.696
"13:25:00.400000",0.506,1.719,0.696
"13:25:00.600000",0.507,1.723,0.698
"13:25:00.800000",0.505,1.725,0.699
"13:25:01.000000",0.506,1.729,0.699
"13:25:01.200000",0.507,1.731,0.700
"13:25:01.400000",0.507,1.734,0.702
"13:25:01.600000",0.506,1.736,0.703
"13:25:01.800000",0.507,1.739,0.703
"13:25:02.000000",0.507,1.741,0.705
"13:25:02.200000",0.505,1.744,0.707
"13:25:02.400000",0.506,1.746,0.708
"13:25:02.600000",0.506,1.750,0.709
"13:25:02.800000",0.507,1.752,0.710
"13:25:03.000000",0.507,1.755,0.712
"13:25:03.200000",0.506,1.757,0.712
"13:25:03.400000",0.507,1.761,0.711
"13:25:03.600000",0.506,1.763,0.714
"13:25:03.800000",0.506,1.766,0.714
"13:25:04.000000",0.506,1.769,0.716
"13:25:04.200000",0.505,1.772,0.717
"13:25:04.400000",0.506,1.776,0.719
"13:25:04.600000",0.507,1.778,0.718
"13:25:04.800000",0.505,1.782,0.721
"13:25:05.000000",0.505,1.783,0.723
"13:25:05.200000",0.506,1.785,0.723
"13:25:05.400000",0.506,1.787,0.725
"13:25:05.600000",0.507,1.790,0.723
"13:25:05.800000",0.507,1.794,0.727
"13:25:06.000000",0.508,1.795,0.726
"13:25:06.200000",0.507,1.799,0.729
"13:25:06.400000",0.507,1.802,0.729
"13:25:06.600000",0.506,1.805,0.730
"13:25:06.800000",0.507,1.808,0.732
"13:25:07.000000",0.506,1.810,0.733
"13:25:07.200000",0.505,1.815,0.734
"13:25:07.400000",0.505,1.816,0.735
"13:25:07.600000",0.506,1.818,0.735
"13:25:07.800000",0.507,1.821,0.739
"13:25:08.000000",0.507,1.823,0.738
"13:25:08.200000",0.507,1.825,0.740
"13:25:08.400000",0.506,1.828,0.740
"13:25:08.600000",0.507,1.832,0.741
"13:25:08.800000",0.506,1.834,0.743
"13:25:09.000000",0.507,1.836,0.743
"13:25:09.200000",0.507,1.839,0.744
"13:25:09.400000",0.507,1.842,0.747
"13:25:09.600000",0.505,1.846,0.748
"13:25:09.800000",0.507,1.847,0.749
"13:25:10.000000",0.507,1.851,0.749
"13:25:10.200000",0.507,1.853,0.751
"13:25:10.400000",0.505,1.856,0.753
"13:25:10.600000",0.507,1.858,0.754
"13:25:10.800000",0.506,1.861,0.753
"13:25:11.000000",0.507,1.863,0.755
"13:25:11.200000",0.507,1.865,0.757
"13:25:11.400000",0.507,1.868,0.757
"13:25:11.600000",0.508,1.872,0.758
"13:25:11.800000",0.506,1.873,0.759
"13:25:12.000000",0.507,1.877,0.762
"13:25:12.200000",0.507,1.879,0.762
"13:25:12.400000",0.507,1.883,0.764
"13:25:12.600000",0.507,1.886,0.764
"13:25:12.800000",0.506,1.889,0.764
"13:25:13.000000",0.507,1.890,0.766
"13:25:13.200000",0.507,1.893,0.768
"13:25:13.400000",0.507,1.896,0.768
"13:25:13.600000",0.507,1.898,0.769
"13:25:13.800000",0.507,1.900,0.771
"13:25:14.000000",0.506,1.903,0.772
"13:25:14.200000",0.507,1.906,0.772
"13:25:14.400000",0.507,1.908,0.774
"13:25:14.600000",0.507,1.911,0.774
"13:25:14.800000",0.507,1.914,0.778
"13:25:15.000000",0.508,1.917,0.777
"13:25:15.200000",0.506,1.920,0.779
"13:25:15.400000",0.505,1.924,0.781
"13:25:15.600000",0.508,1.926,0.780
"13:25:15.800000",0.508,1.927,0.782
"13:25:16.000000",0.507,1.930,0.783
"13:25:16.200000",0.509,1.933,0.783
"13:25:16.400000",0.508,1.936,0.785
"13:25:16.600000",0.507,1.937,0.786
"13:25:16.800000",0.507,1.939,0.787
"13:25:17.000000",0.507,1.942,0.789
"13:25:17.200000",0.507,1.945,0.790
"13:25:17.400000",0.509,1.947,0.792
"13:25:17.600000",0.507,1.949,0.791
"13:25:17.800000",0.507,1.953,0.793
"13:25:18.000000",0.507,1.956,0.794
"13:25:18.200000",0.507,1.959,0.796
"13:25:18.400000",0.507,1.962,0.797
"13:25:18.600000",0.507,1.964,0.796
"13:25:18.800000",0.508,1.966,0.798
"13:25:19.000000",0.507,1.971,0.800
"13:25:19.200000",0.508,1.971,0.801
"13:25:19.400000",0.507,1.974,0.802
"13:25:19.600000",0.507,1.975,0.803
"13:25:19.800000",0.507,1.978,0.804
"13:25:20.000000",0.507,1.981,0.805
"13:25:20.200000",0.507,1.984,0.806
"13:25:20.400000",0.507,1.986,0.807
"13:25:20.600000",0.506,1.988,0.809
"13:25:20.800000",0.507,1.992,0.808
"13:25:21.000000",0.507,1.995,0.811
"13:25:21.200000",0.507,1.998,0.811
"13:25:21.400000",0.507,1.999,0.811
"13:25:21.600000",0.507,2.002,0.815
"13:25:21.800000",0.506,2.004,0.816
"13:25:22.000000",0.507,2.007,0.815
"13:25:22.200000",0.508,2.009,0.817
"13:25:22.400000",0.507,2.012,0.818
"13:25:22.600000",0.507,2.015,0.820
"13:25:22.800000",0.507,2.016,0.819
"13:25:23.000000",0.509,2.018,0.821
"13:25:23.200000",0.507,2.020,0.824
"13:25:23.400000",0.507,2.024,0.825
"13:25:23.600000",0.508,2.027,0.825
"13:25:23.800000",0.508,2.030,0.826
"13:25:24.000000",0.507,2.033,0.828
"13:25:24.200000",0.507,2.035,0.828
"13:25:24.400000",0.507,2.037,0.830
"13:25:24.600000",0.506,2.039,0.831
"13:25:24.800000",0.507,2.043,0.831
"13:25:25.000000",0.508,2.044,0.832
"13:25:25.200000",0.507,2.047,0.833
"13:25:25.400000",0.507,2.049,0.834
"13:25:25.600000",0.508,2.051,0.836
"13:25:25.800000",0.507,2.054,0.837
"13:25:26.000000",0.507,2.056,0.839
"13:25:26.200000",0.507,2.058,0.841
"13:25:26.400000",0.506,2.062,0.841
"13:25:26.600000",0.507,2.065,0.843
"13:25:26.800000",0.507,2.067,0.843
"13:25:27.000000",0.508,2.069,0.845
"13:25:27.200000",0.507,2.072,0.846
"13:25:27.400000",0.506,2.075,0.845
"13:25:27.600000",0.508,2.077,0.847
"13:25:27.800000",0.506,2.078,0.848
"13:25:28.000000",0.508,2.080,0.849
"13:25:28.200000",0.507,2.083,0.850
"13:25:28.400000",0.507,2.085,0.851
"13:25:28.600000",0.507,2.087,0.853
"13:25:28.800000",0.507,2.090,0.853
"13:25:29.000000",0.507,2.091,0.856
"13:25:29.200000",0.506,2.095,0.856
"13:25:29.400000",0.507,2.097,0.857
"13:25:29.600000",0.507,2.101,0.858
"13:25:29.800000",0.507,2.104,0.860
"13:25:30.000000",0.507,2.106,0.862
"13:25:30.200000",0.506,2.108,0.862
"13:25:30.400000",0.507,2.110,0.863
"13:25:30.600000",0.507,2.112,0.865
"13:25:30.800000",0.507,2.114,0.866
"13:25:31.000000",0.507,2.116,0.868
"13:25:31.200000",0.507,2.119,0.868
"13:25:31.400000",0.507,2.121,0.869
"13:25:31.600000",0.509,2.123,0.869
"13:25:31.800000",0.507,2.125,0.870
"13:25:32.000000",0.507,2.129,0.872
"13:25:32.200000",0.507,2.131,0.871
"13:25:32.400000",0.507,2.133,0.873
"13:25:32.600000",0.507,2.136,0.875
"13:25:32.800000",0.507,2.138,0.875
"13:25:33.000000",0.507,2.141,0.877
"13:25:33.200000",0.507,2.144,0.879
"13:25:33.400000",0.506,2.146,0.880
"13:25:33.600000",0.507,2.148,0.881
"13:25:33.800000",0.507,2.149,0.882
"13:25:34.000000",0.506,2.151,0.884
"13:25:34.200000",0.507,2.154,0.884
"13:25:34.400000",0.507,2.157,0.884
"13:25:34.600000",0.507,2.159,0.888
"13:25:34.800000",0.506,2.161,0.887
"13:25:35.000000",0.507,2.164,0.887
"13:25:35.200000",0.506,2.167,0.889
"13:25:35.400000",0.507,2.169,0.890
"13:25:35.600000",0.507,2.172,0.892
"13:25:35.800000",0.508,2.172,0.892
"13:25:36.000000",0.507,2.176,0.892
"13:25:36.200000",0.508,2.178,0.896
"13:25:36.400000",0.507,2.179,0.894
"13:25:36.600000",0.507,2.181,0.899
"13:25:36.800000",0.507,2.185,0.898
"13:25:37.000000",0.507,2.186,0.899
"13:25:37.200000",0.508,2.189,0.901
"13:25:37.400000",0.507,2.191,0.902
"13:25:37.600000",0.507,2.193,0.903
"13:25:37.800000",0.507,2.196,0.905
"13:25:38.000000",0.507,2.198,0.905
"13:25:38.200000",0.507,2.202,0.906
"13:25:38.400000",0.507,2.203,0.907
"13:25:38.600000",0.507,2.205,0.907
"13:25:38.800000",0.507,2.208,0.909
"13:25:39.000000",0.507,2.211,0.911
"13:25:39.200000",0.507,2.212,0.911
"13:25:39.400000",0.507,2.214,0.912
"13:25:39.600000",0.507,2.215,0.912
"13:25:39.800000",0.507,2.217,0.916
"13:25:40.000000",0.506,2.219,0.916
"13:25:40.200000",0.507,2.223,0.919
"13:25:40.400000",0.505,2.225,0.918
"13:25:40.600000",0.505,2.227,0.920
"13:25:40.800000",0.506,2.230,0.920
"13:25:41.000000",0.507,2.233,0.921
"13:25:41.200000",0.506,2.234,0.924
"13:25:41.400000",0.507,2.237,0.924
"13:25:41.600000",0.507,2.238,0.926
"13:25:41.800000",0.507,2.241,0.926
"13:25:42.000000",0.507,2.243,0.928
"13:25:42.200000",0.506,2.245,0.928
"13:25:42.400000",0.507,2.247,0.928
"13:25:42.600000",0.506,2.248,0.932
"13:25:42.800000",0.507,2.251,0.933
"13:25:43.000000",0.506,2.252,0.933
"13:25:43.200000",0.506,2.256,0.934
"13:25:43.400000",0.509,2.258,0.934
"13:25:43.600000",0.507,2.260,0.935
"13:25:43.800000",0.507,2.262,0.937
"13:25:44.000000",0.507,2.265,0.938
"13:25:44.200000",0.507,2.267,0.939
"13:25:44.400000",0.507,2.270,0.941
"13:25:44.600000",0.505,2.271,0.942
"13:25:44.800000",0.507,2.274,0.943
"13:25:45.000000",0.507,2.275,0.944
"13:25:45.200000",0.507,2.277,0.943
"13:25:45.400000",0.507,2.279,0.946
"13:25:45.600000",0.507,2.281,0.947
"13:25:45.800000",0.506,2.283,0.949
"13:25:46.000000",0.507,2.286,0.949
"13:25:46.200000",0.506,2.288,0.951
"13:25:46.400000",0.506,2.289,0.952
"13:25:46.600000",0.506,2.292,0.952
"13:25:46.800000",0.506,2.295,0.955
"13:25:47.000000",0.506,2.298,0.955
"13:25:47.200000",0.506,2.298,0.957
"13:25:47.400000",0.505,2.300,0.958
"13:25:47.600000",0.506,2.303,0.959
"13:25:47.800000",0.507,2.305,0.959
"13:25:48.000000",0.507,2.307,0.961
"13:25:48.200000",0.506,2.309,0.963
"13:25:48.400000",0.507,2.310,0.963
"13:25:48.600000",0.506,2.312,0.964
"13:25:48.800000",0.507,2.315,0.965
"13:25:49.000000",0.507,2.316,0.965
"13:25:49.200000",0.506,2.319,0.967
"13:25:49.400000",0.506,2.321,0.969
"13:25:49.600000",0.507,2.323,0.968
"13:25:49.800000",0.507,2.326,0.970
"13:25:50.000000",0.507,2.328,0.971
"13:25:50.200000",0.506,2.330,0.973
"13:25:50.400000",0.507,2.332,0.975
"13:25:50.600000",0.506,2.333,0.975
"13:25:50.800000",0.507,2.335,0.975
"13:25:51.000000",0.507,2.337,0.976
"13:25:51.200000",0.507,2.339,0.978
"13:25:51.400000",0.506,2.340,0.978
"13:25:51.600000",0.506,2.343,0.981
"13:25:51.800000",0.505,2.346,0.982
"13:25:52.000000",0.506,2.348,0.982
"13:25:52.200000",0.507,2.350,0.982
"13:25:52.400000",0.507,2.351,0.986
"13:25:52.600000",0.507,2.354,0.986
"13:25:52.800000",0.507,2.356,0.986
"13:25:53.000000",0.507,2.358,0.988
"13:25:53.200000",0.505,2.359,0.991
"13:25:53.400000",0.507,2.361,0.989
"13:25:53.600000",0.507,2.363,0.992
"13:25:53.800000",0.506,2.365,0.993
"13:25:54.000000",0.506,2.367,0.993
"13:25:54.200000",0.507,2.369,0.994
"13:25:54.400000",0.505,2.370,0.995
"13:25:54.600000",0.506,2.373,0.999
"13:25:54.800000",0.506,2.375,0.997
"13:25:55.000000",0.505,2.378,0.999
"13:25:55.200000",0.507,2.380,1.001
"13:25:55.400000",0.507,2.382,1.003
"13:25:55.600000",0.506,2.383,1.004
"13:25:55.800000",0.505,2.384,1.004
"13:25:56.000000",0.507,2.386,1.003
"13:25:56.200000",0.505,2.388,1.007
"13:25:56.400000",0.506,2.390,1.009
"13:25:56.600000",0.505,2.391,1.008
"13:25:56.800000",0.507,2.393,1.010
"13:25:57.000000",0.504,2.395,1.010
"13:25:57.200000",0.506,2.397,1.010
"13:25:57.400000",0.506,2.399,1.013
"13:25:57.600000",0.506,2.402,1.015
"13:25:57.800000",0.506,2.404,1.016
"13:25:58.000000",0.506,2.405,1.018
"13:25:58.200000",0.506,2.408,1.018
"13:25:58.400000",0.505,2.410,1.019
"13:25:58.600000",0.505,2.411,1.018
"13:25:58.800000",0.506,2.411,1.021
"13:25:59.000000",0.506,2.414,1.021
"13:25:59.200000",0.506,2.416,1.023
"13:25:59.400000",0.506,2.417,1.025
"13:25:59.600000",0.506,2.419,1.025
"13:25:59.800000",0.506,2.421,1.025
"13:26:00.000000",0.506,2.423,1.027
"13:26:00.200000",0.506,2.425,1.028
"13:26:00.400000",0.505,2.427,1.029
"13:26:00.600000",0.505,2.428,1.031
"13:26:00.800000",0.506,2.431,1.031
"13:26:01.000000",0.506,2.433,1.034
"13:26:01.200000",0.505,2.435,1.034
"13:26:01.400000",0.506,2.436,1.035
"13:26:01.600000",0.506,2.438,1.035
"13:26:01.800000",0.506,2.440,1.037
"13:26:02.000000",0.506,2.440,1.038
"13:26:02.200000",0.506,2.442,1.040
"13:26:02.400000",0.504,2.441,1.040
"13:26:02.600000",0.505,2.446,1.040
"13:26:02.800000",0.505,2.447,1.042
"13:26:03.000000",0.506,2.450,1.044
"13:26:03.200000",0.504,2.452,1.044
"13:26:03.400000",0.505,2.454,1.046
"13:26:03.600000",0.505,2.455,1.046
"13:26:03.800000",0.506,2.458,1.049
"13:26:04.000000",0.505,2.459,1.050
"13:26:04.200000",0.505,2.461,1.051
"13:26:04.400000",0.505,2.463,1.050
"13:26:04.600000",0.505,2.464,1.052
"13:26:04.800000",0.505,2.465,1.055
"13:26:05.000000",0.505,2.466,1.056
"13:26:05.200000",0.505,2.467,1.057
"13:26:05.400000",0.505,2.470,1.057
"13:26:05.600000",0.506,2.470,1.059
"13:26:05.800000",0.504,2.473,1.058
"13:26:06.000000",0.503,2.476,1.060
"13:26:06.200000",0.505,2.477,1.061
"13:26:06.400000",0.506,2.479,1.061
"13:26:06.600000",0.505,2.480,1.064
"13:26:06.800000",0.505,2.482,1.065
"13:26:07.000000",0.505,2.486,1.065
"13:26:07.200000",0.505,2.485,1.067
"13:26:07.400000",0.506,2.487,1.067
"13:26:07.600000",0.507,2.487,1.069
"13:26:07.800000",0.505,2.489,1.070
"13:26:08.000000",0.505,2.490,1.073
"13:26:08.200000",0.506,2.492,1.070
"13:26:08.400000",0.505,2.494,1.075
"13:26:08.600000",0.505,2.495,1.076
"13:26:08.800000",0.505,2.497,1.076
"13:26:09.000000",0.506,2.497,1.077
"13:26:09.200000",0.505,2.502,1.079
"13:26:09.400000",0.505,2.504,1.078
"13:26:09.600000",0.504,2.504,1.082
"13:26:09.800000",0.504,2.506,1.083
"13:26:10.000000",0.506,2.507,1.084
"13:26:10.200000",0.505,2.508,1.083
"13:26:10.400000",0.505,2.509,1.087
"13:26:10.600000",0.504,2.511,1.086
"13:26:10.800000",0.504,2.512,1.088
"13:26:11.000000",0.504,2.515,1.089
"13:26:11.200000",0.504,2.515,1.090
"13:26:11.400000",0.504,2.519,1.092
"13:26:11.600000",0.505,2.520,1.093
"13:26:11.800000",0.503,2.522,1.091
"13:26:12.000000",0.505,2.523,1.095
"13:26:12.200000",0.505,2.525,1.095
"13:26:12.400000",0.505,2.523,1.096
"13:26:12.600000",0.504,2.527,1.098
"13:26:12.800000",0.505,2.529,1.098
"13:26:13.000000",0.505,2.529,1.099
"13:26:13.200000",0.505,2.530,1.100
"13:26:13.400000",0.504,2.532,1.101
"13:26:13.600000",0.505,2.534,1.104
"13:26:13.800000",0.505,2.534,1.103
"13:26:14.000000",0.505,2.536,1.104
"13:26:14.200000",0.505,2.538,1.108
"13:26:14.400000",0.504,2.540,1.108
"13:26:14.600000",0.505,2.542,1.107
"13:26:14.800000",0.505,2.543,1.110
"13:26:15.000000",0.504,2.545,1.112
"13:26:15.200000",0.504,2.545,1.113
"13:26:15.400000",0.504,2.547,1.113
"13:26:15.600000",0.504,2.548,1.114
"13:26:15.800000",0.505,2.549,1.115
"13:26:16.000000",0.504,2.550,1.117
"13:26:16.200000",0.504,2.551,1.117
"13:26:16.400000",0.505,2.553,1.119
"13:26:16.600000",0.503,2.555,1.119
"13:26:16.800000",0.504,2.556,1.120
"13:26:17.000000",0.505,2.558,1.121
"13:26:17.200000",0.505,2.559,1.123
"13:26:17.400000",0.504,2.562,1.124
"13:26:17.600000",0.504,2.562,1.125
"13:26:17.800000",0.503,2.563,1.126
"13:26:18.000000",0.505,2.565,1.127
"13:26:18.200000",0.505,2.565,1.128
"13:26:18.400000",0.504,2.566,1.129
"13:26:18.600000",0.504,2.567,1.131
"13:26:18.800000",0.504,2.569,1.132
"13:26:19.000000",0.503,2.570,1.132
"13:26:19.200000",0.504,2.571,1.134
"13:26:19.400000",0.505,2.573,1.136
"13:26:19.600000",0.504,2.574,1.136
"13:26:19.800000",0.503,2.576,1.139
"13:26:20.000000",0.503,2.577,1.138
"13:26:20.200000",0.503,2.579,1.140
"13:26:20.400000",0.503,2.580,1.140
"13:26:20.600000",0.505,2.581,1.143
"13:26:20.800000",0.503,2.583,1.144
"13:26:21.000000",0.503,2.584,1.144
"13:26:21.200000",0.503,2.585,1.145
"13:26:21.400000",0.503,2.585,1.146
"13:26:21.600000",0.503,2.587,1.148
"13:26:21.800000",0.504,2.588,1.148
"13:26:22.000000",0.503,2.588,1.150
"13:26:22.200000",0.504,2.590,1.150
"13:26:22.400000",0.504,2.591,1.152
"13:26:22.600000",0.503,2.593,1.151
"13:26:22.800000",0.503,2.595,1.153
"13:26:23.000000",0.503,2.596,1.155
"13:26:23.200000",0.503,2.597,1.155
"13:26:23.400000",0.503,2.598,1.156
"13:26:23.600000",0.503,2.599,1.159
"13:26:23.800000",0.503,2.600,1.160
"13:26:24.000000",0.503,2.602,1.160
"13:26:24.200000",0.503,2.601,1.160
"13:26:24.400000",0.502,2.602,1.164
"13:26:24.600000",0.503,2.604,1.165
"13:26:24.800000",0.503,2.604,1.165
"13:26:25.000000",0.504,2.606,1.166
"13:26:25.200000",0.503,2.608,1.166
"13:26:25.400000",0.503,2.609,1.168
"13:26:25.600000",0.503,2.609,1.168
"13:26:25.800000",0.502,2.611,1.169
"13:26:26.000000",0.504,2.613,1.172
"13:26:26.200000",0.503,2.613,1.172
"13:26:26.400000",0.503,2.615,1.173
"13:26:26.600000",0.503,2.616,1.175
"13:26:26.800000",0.503,2.616,1.172
"13:26:27.000000",0.504,2.617,1.177
"13:26:27.200000",0.501,2.617,1.178
"13:26:27.400000",0.503,2.619,1.179
"13:26:27.600000",0.501,2.620,1.181
"13:26:27.800000",0.503,2.621,1.181
"13:26:28.000000",0.504,2.622,1.183
"13:26:28.200000",0.503,2.624,1.183
"13:26:28.400000",0.502,2.625,1.185
"13:26:28.600000",0.501,2.626,1.185
"13:26:28.800000",0.503,2.626,1.187
"13:26:29.000000",0.502,2.628,1.188
"13:26:29.200000",0.503,2.628,1.190
"13:26:29.400000",0.500,2.628,1.191
"13:26:29.600000",0.503,2.630,1.192
"13:26:29.800000",0.503,2.629,1.192
"13:26:30.000000",0.503,2.632,1.194
"13:26:30.200000",0.501,2.632,1.195
"13:26:30.400000",0.503,2.632,1.196
"13:26:30.600000",0.502,2.635,1.197
"13:26:30.800000",0.503,2.635,1.200
"13:26:31.000000",0.502,2.637,1.198
"13:26:31.200000",0.500,2.638,1.202
"13:26:31.400000",0.501,2.639,1.202
"13:26:31.600000",0.502,2.640,1.202
"13:26:31.800000",0.505,2.641,1.204
"13:26:32.000000",0.503,2.641,1.205
"13:26:32.200000",0.503,2.641,1.207
"13:26:32.400000",0.501,2.641,1.207
"13:26:32.600000",0.502,2.643,1.209
"13:26:32.800000",0.501,2.644,1.208
"13:26:33.000000",0.500,2.643,1.211
"13:26:33.200000",0.502,2.645,1.211
"13:26:33.400000",0.503,2.647,1.212
"13:26:33.600000",0.502,2.648,1.215
"13:26:33.800000",0.502,2.649,1.215
"13:26:34.000000",0.502,2.650,1.217
"13:26:34.200000",0.501,2.652,1.217
"13:26:34.400000",0.502,2.652,1.219
"13:26:34.600000",0.502,2.652,1.218
"13:26:34.800000",0.500,2.652,1.221
"13:26:35.000000",0.501,2.654,1.220
"13:26:35.200000",0.501,2.654,1.223
"13:26:35.400000",0.501,2.654,1.224
"13:26:35.600000",0.500,2.656,1.226
"13:26:35.800000",0.502,2.657,1.226
"13:26:36.000000",0.501,2.656,1.226
"13:26:36.200000",0.502,2.658,1.228
"13:26:36.400000",0.500,2.659,1.230
"13:26:36.600000",0.500,2.660,1.230
"13:26:36.800000",0.500,2.662,1.231
"13:26:37.000000",0.501,2.661,1.232
"13:26:37.200000",0.501,2.663,1.235
"13:26:37.400000",0.499,2.662,1.235
"13:26:37.600000",0.500,2.663,1.234
"13:26:37.800000",0.500,2.664,1.237
"13:26:38.000000",0.500,2.664,1.239
"13:26:38.200000",0.500,2.664,1.240
"13:26:38.400000",0.500,2.665,1.241
"13:26:38.600000",0.500,2.666,1.242
"13:26:38.800000",0.500,2.668,1.243
"13:26:39.000000",0.500,2.669,1.243
"13:26:39.200000",0.500,2.669,1.244
"13:26:39.400000",0.500,2.670,1.245
"13:26:39.600000",0.499,2.671,1.248
"13:26:39.800000",0.500,2.671,1.248
"13:26:40.000000",0.501,2.671,1.250
"13:26:40.200000",0.500,2.673,1.250
"13:26:40.400000",0.500,2.673,1.252
"13:26:40.600000",0.498,2.673,1.254
"13:26:40.800000",0.500,2.672,1.252
"13:26:41.000000",0.498,2.674,1.254
"13:26:41.200000",0.500,2.674,1.256
"13:26:41.400000",0.499,2.674,1.258
"13:26:41.600000",0.498,2.676,1.259
"13:26:41.800000",0.499,2.677,1.259
"13:26:42.000000",0.497,2.677,1.261
"13:26:42.200000",0.498,2.679,1.260
"13:26:42.400000",0.499,2.679,1.261
"13:26:42.600000",0.499,2.679,1.264
"13:26:42.800000",0.498,2.678,1.265
"13:26:43.000000",0.498,2.680,1.265
"13:26:43.200000",0.498,2.681,1.267
"13:26:43.400000",0.499,2.680,1.266
"13:26:43.600000",0.498,2.680,1.269
"13:26:43.800000",0.498,2.682,1.269
"13:26:44.000000",0.497,2.682,1.272
"13:26:44.200000",0.498,2.682,1.273
"13:26:44.400000",0.498,2.682,1.273
"13:26:44.600000",0.498,2.684,1.274
"13:26:44.800000",0.498,2.684,1.275
"13:26:45.000000",0.500,2.685,1.276
"13:26:45.200000",0.498,2.686,1.280
"13:26:45.400000",0.498,2.686,1.280
"13:26:45.600000",0.497,2.686,1.280
"13:26:45.800000",0.498,2.687,1.281
"13:26:46.000000",0.497,2.688,1.284
"13:26:46.200000",0.497,2.687,1.285
"13:26:46.400000",0.497,2.688,1.285
"13:26:46.600000",0.497,2.688,1.285
"13:26:46.800000",0.496,2.688,1.286
"13:26:47.000000",0.497,2.689,1.288
"13:26:47.200000",0.497,2.690,1.289
"13:26:47.400000",0.498,2.690,1.290
"13:26:47.600000",0.496,2.692,1.292
"13:26:47.800000",0.497,2.691,1.292
"13:26:48.000000",0.498,2.691,1.293
"13:26:48.200000",0.496,2.692,1.295
"13:26:48.400000",0.497,2.692,1.296
"13:26:48.600000",0.496,2.692,1.298
"13:26:48.800000",0.496,2.693,1.299
"13:26:49.000000",0.497,2.693,1.299
"13:26:49.200000",0.496,2.692,1.301
"13:26:49.400000",0.496,2.693,1.303
"13:26:49.600000",0.498,2.694,1.302
"13:26:49.800000",0.496,2.695,1.303
"13:26:50.000000",0.495,2.695,1.305
"13:26:50.200000",0.496,2.695,1.305
"13:26:50.400000",0.496,2.696,1.307
"13:26:50.600000",0.496,2.697,1.306
"13:26:50.800000",0.496,2.696,1.309
"13:26:51.000000",0.496,2.697,1.310
"13:26:51.200000",0.496,2.696,1.312
"13:26:51.400000",0.495,2.697,1.314
"13:26:51.600000",0.495,2.697,1.314
"13:26:51.800000",0.495,2.696,1.314
"13:26:52.000000",0.496,2.697,1.316
"13:26:52.200000",0.496,2.697,1.317
"13:26:52.400000",0.496,2.699,1.318
"13:26:52.600000",0.496,2.699,1.319
"13:26:52.800000",0.496,2.700,1.320
"13:26:53.000000",0.494,2.700,1.322
"13:26:53.200000",0.494,2.700,1.322
"13:26:53.400000",0.494,2.700,1.324
"13:26:53.600000",0.494,2.699,1.325
"13:26:53.800000",0.494,2.701,1.325
"13:26:54.000000",0.494,2.699,1.327
"13:26:54.200000",0.494,2.700,1.329
"13:26:54.400000",0.494,2.699,1.329
"13:26:54.600000",0.492,2.699,1.331
"13:26:54.800000",0.494,2.701,1.331
"13:26:55.000000",0.493,2.701,1.333
"13:26:55.200000",0.494,2.701,1.334
"13:26:55.400000",0.492,2.701,1.334
"13:26:55.600000",0.492,2.703,1.336
"13:26:55.800000",0.493,2.703,1.337
"13:26:56.000000",0.492,2.703,1.338
"13:26:56.200000",0.492,2.703,1.340
"13:26:56.400000",0.492,2.703,1.341
"13:26:56.600000",0.492,2.702,1.342
"13:26:56.800000",0.492,2.701,1.342
"13:26:57.000000",0.493,2.701,1.343
"13:26:57.200000",0.491,2.703,1.344
"13:26:57.400000",0.491,2.703,1.348
"13:26:57.600000",0.492,2.702,1.345
"13:26:57.800000",0.491,2.702,1.347
"13:26:58.000000",0.491,2.703,1.349
"13:26:58.200000",0.492,2.704,1.350
"13:26:58.400000",0.490,2.704,1.352
"13:26:58.600000",0.491,2.705,1.352
"13:26:58.800000",0.490,2.704,1.352
"13:26:59.000000",0.491,2.704,1.354
"13:26:59.200000",0.489,2.704,1.357
"13:26:59.400000",0.490,2.704,1.359
"13:26:59.600000",0.490,2.703,1.359
"13:26:59.800000",0.490,2.704,1.359
"13:27:00.000000",0.490,2.703,1.359
"13:27:00.200000",0.488,2.703,1.363
"13:27:00.400000",0.489,2.705,1.361
"13:27:00.600000",0.489,2.705,1.363
"13:27:00.800000",0.488,2.706,1.365
"13:27:01.000000",0.488,2.706,1.367
"13:27:01.200000",0.488,2.705,1.365
"13:27:01.400000",0.488,2.705,1.368
"13:27:01.600000",0.488,2.705,1.369
"13:27:01.800000",0.487,2.705,1.370
"13:27:02.000000",0.487,2.705,1.372
"13:27:02.200000",0.487,2.705,1.373
"13:27:02.400000",0.486,2.705,1.375
"13:27:02.600000",0.485,2.704,1.376
"13:27:02.800000",0.487,2.704,1.376
"13:27:03.000000",0.485,2.705,1.377
"13:27:03.200000",0.485,2.705,1.378
"13:27:03.400000",0.485,2.705,1.380
"13:27:03.600000",0.485,2.706,1.380
"13:27:03.800000",0.485,2.707,1.381
"13:27:04.000000",0.485,2.706,1.382
"13:27:04.200000",0.485,2.706,1.384
"13:27:04.400000",0.484,2.705,1.384
"13:27:04.600000",0.484,2.705,1.384
"13:27:04.800000",0.485,2.705,1.387
"13:27:05.000000",0.483,2.705,1.389
"13:27:05.200000",0.482,2.705,1.389
"13:27:05.400000",0.483,2.706,1.391
"13:27:05.600000",0.483,2.705,1.391
"13:27:05.800000",0.481,2.706,1.391
"13:27:06.000000",0.482,2.706,1.394
"13:27:06.200000",0.483,2.705,1.395
"13:27:06.400000",0.481,2.707,1.395
"13:27:06.600000",0.481,2.707,1.396
"13:27:06.800000",0.482,2.707,1.398
"13:27:07.000000",0.481,2.706,1.398
"13:27:07.200000",0.481,2.707,1.399
"13:27:07.400000",0.481,2.705,1.399
"13:27:07.600000",0.480,2.705,1.401
"13:27:07.800000",0.480,2.705,1.403
"13:27:08.000000",0.479,2.705,1.405
"13:27:08.200000",0.476,2.705,1.406
"13:27:08.400000",0.477,2.706,1.408
"13:27:08.600000",0.478,2.706,1.409
"13:27:08.800000",0.477,2.707,1.409
"13:27:09.000000",0.478,2.706,1.408
"13:27:09.200000",0.477,2.707,1.408
"13:27:09.400000",0.477,2.707,1.412
"13:27:09.600000",0.477,2.707,1.414
"13:27:09.800000",0.476,2.706,1.414
"13:27:10.000000",0.475,2.706,1.415
"13:27:10.200000",0.475,2.705,1.417
"13:27:10.400000",0.475,2.705,1.418
"13:27:10.600000",0.475,2.705,1.419
"13:27:10.800000",0.474,2.705,1.421
"13:27:11.000000",0.473,2.705,1.421
"13:27:11.200000",0.472,2.706,1.423
"13:27:11.400000",0.473,2.707,1.424
"13:27:11.600000",0.471,2.707,1.425
"13:27:11.800000",0.471,2.707,1.425
"13:27:12.000000",0.470,2.707,1.426
"13:27:12.200000",0.470,2.706,1.429
"13:27:12.400000",0.468,2.705,1.429
"13:27:12.600000",0.468,2.705,1.429
"13:27:12.800000",0.469,2.705,1.431
"13:27:13.000000",0.467,2.705,1.432
"13:27:13.200000",0.467,2.705,1.434
"13:27:13.400000",0.466,2.705,1.433
"13:27:13.600000",0.465,2.705,1.436
"13:27:13.800000",0.465,2.705,1.437
"13:27:14.000000",0.464,2.706,1.438
"13:27:14.200000",0.463,2.707,1.439
"13:27:14.400000",0.464,2.706,1.438
"13:27:14.600000",0.462,2.706,1.440
"13:27:14.800000",0.460,2.706,1.442
"13:27:15.000000",0.460,2.705,1.444
"13:27:15.200000",0.460,2.705,1.444
"13:27:15.400000",0.458,2.704,1.446
"13:27:15.600000",0.458,2.704,1.446
"13:27:15.800000",0.455,2.704,1.447
"13:27:16.000000",0.455,2.704,1.449
"13:27:16.200000",0.454,2.705,1.451
"13:27:16.400000",0.455,2.705,1.451
"13:27:16.600000",0.453,2.705,1.451
"13:27:16.800000",0.452,2.704,1.452
"13:27:17.000000",0.450,2.705,1.453
"13:27:17.200000",0.448,2.705,1.455
"13:27:17.400000",0.447,2.704,1.456
"13:27:17.600000",0.447,2.704,1.458
"13:27:17.800000",0.445,2.705,1.458
"13:27:18.000000",0.444,2.704,1.460
"13:27:18.200000",0.443,2.704,1.461
"13:27:18.400000",0.440,2.703,1.462
"13:27:18.600000",0.440,2.703,1.462
"13:27:18.800000",0.438,2.703,1.465
"13:27:19.000000",0.436,2.703,1.466
"13:27:19.200000",0.434,2.704,1.469
"13:27:19.400000",0.432,2.703,1.469
"13:27:19.600000",0.431,2.704,1.469
"13:27:19.800000",0.428,2.704,1.470
"13:27:20.000000",0.428,2.704,1.470
"13:27:20.200000",0.423,2.704,1.472
"13:27:20.400000",0.422,2.703,1.472
"13:27:20.600000",0.419,2.702,1.474
"13:27:20.800000",0.417,2.701,1.475
"13:27:21.000000",0.415,2.702,1.476
"13:27:21.200000",0.413,2.701,1.478
"13:27:21.400000",0.408,2.701,1.476
"13:27:21.600000",0.406,2.701,1.479
"13:27:21.800000",0.402,2.701,1.481
"13:27:22.000000",0.400,2.701,1.482
"13:27:22.200000",0.397,2.701,1.484
"13:27:22.400000",0.393,2.702,1.485
"13:27:22.600000",0.389,2.701,1.486
"13:27:22.800000",0.383,2.700,1.487
"13:27:23.000000",0.376,2.699,1.488
"13:27:23.200000",0.366,2.699,1.488
"13:27:23.400000",0.351,2.697,1.491
"13:27:23.600000",0.336,2.695,1.490
"13:27:23.800000",0.323,2.694,1.492
"13:27:24.000000",0.310,2.692,1.492
"13:27:24.200000",0.299,2.693,1.495
"13:27:24.400000",0.288,2.692,1.495
"13:27:24.600000",0.279,2.692,1.497
"13:27:24.800000",0.272,2.692,1.498
"13:27:25.000000",0.266,2.691,1.498
"13:27:25.200000",0.259,2.690,1.500
"13:27:25.400000",0.254,2.690,1.501
"13:27:25.600000",0.250,2.690,1.502
"13:27:25.800000",0.244,2.688,1.503
"13:27:26.000000",0.238,2.688,1.504
"13:27:26.200000",0.232,2.687,1.506
"13:27:26.400000",0.227,2.687,1.506
"13:27:26.600000",0.223,2.687,1.508
"13:27:26.800000",0.217,2.686,1.509
"13:27:27.000000",0.212,2.688,1.510
"13:27:27.200000",0.208,2.688,1.511
"13:27:27.400000",0.203,2.686,1.511
"13:27:27.600000",0.199,2.686,1.513
"13:27:27.800000",0.193,2.686,1.513
"13:27:28.000000",0.188,2.685,1.517
"13:27:28.200000",0.184,2.684,1.515
"13:27:28.400000",0.179,2.683,1.517
"13:27:28.600000",0.174,2.683,1.519
"13:27:28.800000",0.169,2.682,1.520
"13:27:29.000000",0.163,2.682,1.521
"13:27:29.200000",0.159,2.682,1.522
"13:27:29.400000",0.155,2.682,1.524
"13:27:29.600000",0.152,2.682,1.523
"13:27:29.800000",0.147,2.682,1.526
"13:27:30.000000",0.143,2.682,1.527
"13:27:30.200000",0.141,2.682,1.528
"13:27:30.400000",0.137,2.682,1.529
"13:27:30.600000",0.134,2.681,1.530
"13:27:30.800000",0.130,2.679,1.531
"13:27:31.000000",0.127,2.679,1.531
"13:27:31.200000",0.124,2.679,1.535
"13:27:31.400000",0.121,2.679,1.534
"13:27:31.600000",0.118,2.678,1.535
"13:27:31.800000",0.114,2.679,1.536
"13:27:32.000000",0.111,2.677,1.536
"13:27:32.200000",0.109,2.678,1.539
"13:27:32.400000",0.106,2.677,1.540
"13:27:32.600000",0.101,2.678,1.543
"13:27:32.800000",0.100,2.677,1.541
"13:27:33.000000",0.096,2.677,1.541
"13:27:33.200000",0.093,2.677,1.545
"13:27:33.400000",0.088,2.676,1.546
"13:27:33.600000",0.083,2.676,1.546
"13:27:33.800000",0.081,2.675,1.548
"13:27:34.000000",0.077,2.675,1.550
"13:27:34.200000",0.072,2.674,1.549
"13:27:34.400000",0.067,2.673,1.551
"13:27:34.600000",0.062,2.674,1.551
"13:27:34.800000",0.057,2.673,1.553
"13:27:35.000000",0.053,2.673,1.554
"13:27:35.200000",0.049,2.673,1.556
"13:27:35.400000",0.044,2.671,1.556
"13:27:35.600000",0.040,2.672,1.558
"13:27:35.800000",0.039,2.671,1.557
"13:27:36.000000",0.037,2.671,1.560
"13:27:36.200000",0.034,2.670,1.561
"13:27:36.400000",0.034,2.670,1.563
"13:27:36.600000",0.031,2.671,1.562
"13:27:36.800000",0.029,2.670,1.566
"13:27:37.000000",0.027,2.669,1.565
"13:27:37.200000",0.026,2.669,1.566
"13:27:37.400000",0.023,2.670,1.567
"13:27:37.600000",0.020,2.670,1.568
"13:27:37.800000",0.017,2.669,1.569
"13:27:38.000000",0.014,2.669,1.571
"13:27:38.200000",0.011,2.669,1.573
"13:27:38.400000",0.010,2.669,1.573
"13:27:38.600000",0.010,2.669,1.573
"13:27:38.800000",0.008,2.668,1.576
"13:27:39.000000",0.006,2.668,1.577
"13:27:39.200000",0.006,2.667,1.577
"13:27:39.400000",0.004,2.667,1.579
"13:27:39.600000",0.004,2.667,1.580
"13:27:39.800000",0.005,2.667,1.581
"13:27:40.000000",0.001,2.668,1.583
"13:27:40.200000",0.001,2.667,1.581
"13:27:40.400000",0.000,2.667,1.582
"13:27:40.600000",0.002,2.668,1.582
"13:27:40.800000",0.000,2.668,1.581
"13:27:41.000000",0.001,2.667,1.581
"13:27:41.200000",0.000,2.667,1.581
"13:27:41.400000",0.001,2.668,1.580
"13:27:41.600000",0.000,2.667,1.581
"13:27:41.800000",0.000,2.667,1.581
"13:27:42.000000",0.000,2.667,1.581
"13:27:42.200000",0.000,2.667,1.581
"13:27:42.400000",0.001,2.667,1.581
"13:27:42.600000",0.000,2.667,1.581
"13:27:42.800000",0.000,2.668,1.581
"13:27:43.000000",0.000,2.667,1.581
"13:27:43.200000",0.000,2.668,1.583
"13:27:43.400000",0.000,2.667,1.580
"13:27:43.600000",0.000,2.667,1.583
"13:27:43.800000",0.000,2.667,1.580
"13:27:44.000000",0.000,2.667,1.581
"13:27:44.200000",0.000,2.667,1.581
"13:27:44.400000",-0.001,2.667,1.581
"13:27:44.600000",0.000,2.666,1.582
"13:27:44.800000",0.000,2.666,1.581
"13:27:45.000000",0.000,2.667,1.581
"13:27:45.200000",0.000,2.668,1.582
"13:27:45.400000",0.000,2.668,1.581
"13:27:45.600000",0.000,2.668,1.581
"13:27:45.800000",0.000,2.667,1.581
"13:27:46.000000",-0.001,2.667,1.583
"13:27:46.200000",-0.001,2.667,1.582
"13:27:46.400000",-0.001,2.667,1.581
"13:27:46.600000",0.000,2.667,1.581
"13:27:46.800000",-0.001,2.667,1.581
"13:27:47.000000",-0.001,2.666,1.582
"13:27:47.200000",0.000,2.667,1.583
"13:27:47.400000",0.000,2.665,1.582
"13:27:47.600000",0.000,2.667,1.582
"13:27:47.800000",0.000,2.667,1.580
"13:27:48.000000",-0.002,2.667,1.580
"13:27:48.200000",-0.001,2.668,1.582
"13:27:48.400000",0.000,2.667,1.581
"13:27:48.600000",0.000,2.667,1.582
"13:27:48.800000",-0.002,2.667,1.582
"13:27:49.000000",0.000,2.667,1.581
"13:27:49.200000",-0.001,2.666,1.580
"13:27:49.400000",-0.001,2.666,1.581
"13:27:49.600000",-0.001,2.667,1.582
"13:27:49.800000",-0.001,2.666,1.582
"13:27:50.000000",-0.002,2.665,1.581
"13:27:50.200000",0.000,2.667,1.581
"13:27:50.400000",0.000,2.667,1.582
"13:27:50.600000",-0.001,2.667,1.581
"13:27:50.800000",-0.002,2.668,1.581
"13:27:51.000000",0.000,2.667,1.582
"13:27:51.200000",-0.001,2.667,1.581
"13:27:51.400000",0.000,2.667,1.582
"13:27:51.600000",0.000,2.667,1.579
"13:27:51.800000",-0.001,2.665,1.581
"13:27:52.000000",0.000,2.666,1.581
"13:27:52.200000",0.000,2.667,1.581
"13:27:52.400000",-0.001,2.667,1.581
"13:27:52.600000",-0.001,2.667,1.581
"13:27:52.800000",-0.001,2.667,1.582
"13:27:53.000000",0.000,2.667,1.581
"13:27:53.200000",-0.001,2.667,1.583
"13:27:53.400000",-0.001,2.667,1.582
"13:27:53.600000",0.000,2.667,1.581
"13:27:53.800000",0.000,2.667,1.580
"13:27:54.000000",-0.001,2.667,1.583
"13:27:54.200000",-0.002,2.667,1.582
"13:27:54.400000",-0.001,2.666,1.582
"13:27:54.600000",-0.001,2.667,1.581
"13:27:54.800000",-0.001,2.667,1.581
"13:27:55.000000",-0.001,2.667,1.582
"13:27:55.200000",-0.001,2.667,1.580
"13:27:55.400000",-0.002,2.666,1.581
"13:27:55.600000",0.000,2.667,1.582
"13:27:55.800000",0.000,2.667,1.583
"13:27:56.000000",0.000,2.667,1.581
"13:27:56.200000",0.000,2.667,1.581
"13:27:56.400000",-0.001,2.667,1.585
"13:27:56.600000",-0.001,2.667,1.580
"13:27:56.800000",-0.002,2.665,1.582
"13:27:57.000000",0.000,2.667,1.581
"13:27:57.200000",-0.001,2.665,1.581
"13:27:57.400000",-0.002,2.665,1.581
"13:27:57.600000",-0.001,2.665,1.581
"13:27:57.800000",-0.001,2.666,1.581
"13:27:58.000000",-0.001,2.669,1.583
"13:27:58.200000",0.000,2.667,1.583
"13:27:58.400000",-0.001,2.667,1.582
"13:27:58.600000",-0.001,2.667,1.583
"13:27:58.800000",-0.002,2.667,1.581
"13:27:59.000000",0.000,2.667,1.583
"13:27:59.200000",-0.001,2.667,1.581
