タイトル：,
メモ：,
機種名：,NR-2000,,サンプリング周期：,200.00,[ms],,データ数：,2675,,ｱﾅﾛｸﾞCH数：,3
トリガ条件： トリガ無し,トリガ日付時刻：,2019/10/07 13:30:23 000ms 000us
垂直カーソル情報：なし
演算波形Ch01：使用しない
演算波形Ch02：使用しない
演算波形Ch03：使用しない
演算波形Ch04：使用しない
,Analog1[V],Analog2[V],Analog9[V]
,±5.0V,±5.0V,±5.0V
ｽｹｰﾘﾝｸﾞ設定：,,,
ｽﾑｰｼﾞﾝｸﾞ設定：,,,
"13:30:23.000000",-0.017,0.030,1.091
"13:30:23.200000",-0.013,0.031,1.090
"13:30:23.400000",-0.015,0.030,1.091
"13:30:23.600000",-0.014,0.030,1.093
"13:30:23.800000",-0.014,0.031,1.091
"13:30:24.000000",-0.014,0.029,1.093
"13:30:24.200000",-0.014,0.029,1.091
"13:30:24.400000",-0.015,0.029,1.091
"13:30:24.600000",-0.015,0.029,1.091
"13:30:24.800000",-0.017,0.029,1.091
"13:30:25.000000",-0.016,0.029,1.091
"13:30:25.200000",-0.015,0.030,1.092
"13:30:25.400000",-0.016,0.029,1.092
"13:30:25.600000",-0.015,0.031,1.092
"13:30:25.800000",-0.016,0.031,1.091
"13:30:26.000000",-0.016,0.032,1.091
"13:30:26.200000",-0.014,0.031,1.090
"13:30:26.400000",-0.014,0.031,1.092
"13:30:26.600000",-0.013,0.030,1.092
"13:30:26.800000",-0.014,0.031,1.091
"13:30:27.000000",-0.015,0.030,1.092
"13:30:27.200000",-0.014,-0.181,1.091
"13:30:27.400000",-0.015,-0.180,1.093
"13:30:27.600000",-0.015,-0.179,1.092
"13:30:27.800000",-0.014,-0.180,1.091
"13:30:28.000000",-0.016,-0.178,1.092
"13:30:28.200000",-0.015,-0.179,1.091
"13:30:28.400000",-0.014,-0.179,1.092
"13:30:28.600000",-0.016,-0.179,1.091
"13:30:28.800000",-0.014,-0.180,1.091
"13:30:29.000000",-0.014,-0.179,1.091
"13:30:29.200000",-0.012,-0.179,1.091
"13:30:29.400000",-0.015,0.028,1.092
"13:30:29.600000",-0.015,0.029,1.093
"13:30:29.800000",-0.014,0.026,1.091
"13:30:30.000000",-0.015,0.029,1.090
"13:30:30.200000",-0.015,0.030,1.092
"13:30:30.400000",-0.015,0.029,1.093
"13:30:30.600000",-0.014,0.029,1.091
"13:30:30.800000",-0.014,0.029,1.090
"13:30:31.000000",-0.014,0.238,1.091
"13:30:31.200000",-0.016,0.237,1.091
"13:30:31.400000",-0.015,0.237,1.091
"13:30:31.600000",-0.014,0.237,1.090
"13:30:31.800000",-0.015,0.237,1.092
"13:30:32.000000",-0.015,0.236,1.091
"13:30:32.200000",-0.015,0.237,1.091
"13:30:32.400000",-0.016,0.237,1.090
"13:30:32.600000",-0.015,0.238,1.092
"13:30:32.800000",-0.016,0.238,1.093
"13:30:33.000000",-0.015,0.029,1.090
"13:30:33.200000",-0.015,0.028,1.091
"13:30:33.400000",-0.015,0.027,1.091
"13:30:33.600000",-0.016,0.027,1.091
"13:30:33.800000",-0.017,0.027,1.091
"13:30:34.000000",-0.014,0.027,1.091
"13:30:34.200000",-0.015,-0.181,1.092
"13:30:34.400000",-0.015,-0.180,1.091
"13:30:34.600000",-0.014,-0.181,1.091
"13:30:34.800000",-0.013,-0.180,1.092
"13:30:35.000000",-0.006,-0.180,1.091
"13:30:35.200000",-0.005,-0.179,1.093
"13:30:35.400000",-0.002,-0.180,1.091
"13:30:35.600000",0.003,-0.180,1.093
"13:30:35.800000",0.007,-0.179,1.092
"13:30:36.000000",-0.031,-0.183,1.091
"13:30:36.200000",-0.032,-0.181,1.091
"13:30:36.400000",-0.028,0.035,1.091
"13:30:36.600000",-0.018,0.027,1.092
"13:30:36.800000",-0.019,0.029,1.092
"13:30:37.000000",-0.017,0.029,1.091
"13:30:37.200000",-0.022,0.027,1.091
"13:30:37.400000",-0.033,0.028,1.091
"13:30:37.600000",-0.034,0.027,1.093
"13:30:37.800000",-0.032,0.027,1.092
"13:30:38.000000",-0.027,0.237,1.093
"13:30:38.200000",-0.019,0.236,1.092
"13:30:38.400000",-0.019,0.236,1.091
"13:30:38.600000",-0.022,0.236,1.092
"13:30:38.800000",-0.023,0.237,1.092
"13:30:39.000000",-0.027,0.235,1.091
"13:30:39.200000",-0.029,0.027,1.093
"13:30:39.400000",-0.032,0.027,1.091
"13:30:39.600000",-0.023,0.028,1.090
"13:30:39.800000",-0.032,0.027,1.091
"13:30:40.000000",-0.031,-0.181,1.092
"13:30:40.200000",-0.027,-0.182,1.091
"13:30:40.400000",-0.029,-0.182,1.091
"13:30:40.600000",-0.032,-0.182,1.091
"13:30:40.800000",-0.033,-0.182,1.091
"13:30:41.000000",-0.026,-0.182,1.091
"13:30:41.200000",-0.034,0.026,1.093
"13:30:41.400000",-0.033,0.027,1.091
"13:30:41.600000",-0.034,0.027,1.093
"13:30:41.800000",-0.033,0.026,1.092
"13:30:42.000000",-0.034,0.029,1.093
"13:30:42.200000",-0.033,0.027,1.092
"13:30:42.400000",-0.032,0.027,1.091
"13:30:42.600000",-0.034,0.027,1.091
"13:30:42.800000",-0.033,0.027,1.092
"13:30:43.000000",-0.033,0.027,1.092
"13:30:43.200000",-0.033,0.027,1.091
"13:30:43.400000",-0.032,0.027,1.092
"13:30:43.600000",-0.033,0.029,1.093
"13:30:43.800000",-0.034,0.027,1.092
"13:30:44.000000",-0.033,0.027,1.091
"13:30:44.200000",-0.033,0.027,1.092
"13:30:44.400000",-0.034,0.028,1.091
"13:30:44.600000",-0.033,0.027,1.091
"13:30:44.800000",-0.032,0.027,1.093
"13:30:45.000000",-0.034,0.027,1.092
"13:30:45.200000",-0.032,0.027,1.091
"13:30:45.400000",-0.033,0.026,1.093
"13:30:45.600000",-0.034,0.027,1.092
"13:30:45.800000",-0.034,0.027,1.091
"13:30:46.000000",-0.032,0.027,1.091
"13:30:46.200000",-0.033,0.027,1.093
"13:30:46.400000",-0.033,0.028,1.093
"13:30:46.600000",-0.033,0.028,1.091
"13:30:46.800000",-0.034,0.028,1.093
"13:30:47.000000",-0.033,0.027,1.093
"13:30:47.200000",-0.033,0.027,1.093
"13:30:47.400000",-0.033,0.027,1.093
"13:30:47.600000",-0.033,0.027,1.091
"13:30:47.800000",-0.034,0.026,1.092
"13:30:48.000000",-0.033,0.026,1.091
"13:30:48.200000",-0.035,0.027,1.092
"13:30:48.400000",-0.033,0.027,1.092
"13:30:48.600000",-0.034,0.027,1.091
"13:30:48.800000",-0.033,0.028,1.091
"13:30:49.000000",-0.032,0.028,1.091
"13:30:49.200000",-0.033,0.027,1.091
"13:30:49.400000",-0.032,0.027,1.091
"13:30:49.600000",-0.033,0.027,1.091
"13:30:49.800000",-0.033,0.026,1.091
"13:30:50.000000",-0.034,0.027,1.090
"13:30:50.200000",-0.033,0.027,1.093
"13:30:50.400000",-0.032,0.027,1.091
"13:30:50.600000",-0.033,0.026,1.091
"13:30:50.800000",-0.034,0.027,1.092
"13:30:51.000000",-0.032,0.028,1.091
"13:30:51.200000",-0.032,0.028,1.091
"13:30:51.400000",-0.032,0.027,1.091
"13:30:51.600000",-0.032,0.028,1.091
"13:30:51.800000",-0.033,0.027,1.091
"13:30:52.000000",-0.032,0.027,1.091
"13:30:52.200000",-0.033,0.027,1.092
"13:30:52.400000",-0.033,0.027,1.093
"13:30:52.600000",-0.031,0.027,1.091
"13:30:52.800000",-0.032,0.027,1.091
"13:30:53.000000",-0.032,0.026,1.090
"13:30:53.200000",-0.032,0.027,1.092
"13:30:53.400000",-0.032,0.027,1.093
"13:30:53.600000",-0.034,0.028,1.093
"13:30:53.800000",-0.032,0.025,1.091
"13:30:54.000000",-0.032,0.027,1.091
"13:30:54.200000",-0.032,0.027,1.093
"13:30:54.400000",-0.028,0.027,1.093
"13:30:54.600000",-0.021,0.028,1.092
"13:30:54.800000",-0.029,0.027,1.092
"13:30:55.000000",-0.026,0.027,1.091
"13:30:55.200000",-0.024,0.028,1.091
"13:30:55.400000",-0.023,0.029,1.092
"13:30:55.600000",-0.025,0.029,1.092
"13:30:55.800000",-0.029,0.029,1.091
"13:30:56.000000",-0.021,0.029,1.091
"13:30:56.200000",-0.016,0.028,1.091
"13:30:56.400000",-0.028,0.028,1.091
"13:30:56.600000",-0.031,0.028,1.092
"13:30:56.800000",-0.027,0.029,1.091
"13:30:57.000000",-0.032,0.027,1.091
"13:30:57.200000",-0.032,0.027,1.091
"13:30:57.400000",-0.022,0.027,1.091
"13:30:57.600000",-0.004,0.029,1.091
"13:30:57.800000",-0.017,0.029,1.091
"13:30:58.000000",-0.023,0.027,1.092
"13:30:58.200000",-0.028,0.028,1.092
"13:30:58.400000",-0.027,0.028,1.092
"13:30:58.600000",-0.028,0.028,1.091
"13:30:58.800000",-0.027,0.027,1.093
"13:30:59.000000",-0.029,0.027,1.093
"13:30:59.200000",-0.028,0.027,1.093
"13:30:59.400000",-0.029,0.027,1.091
"13:30:59.600000",-0.029,0.026,1.091
"13:30:59.800000",-0.027,0.027,1.091
"13:31:00.000000",-0.029,0.027,1.091
"13:31:00.200000",-0.028,0.027,1.091
"13:31:00.400000",-0.029,0.029,1.092
"13:31:00.600000",-0.028,0.027,1.092
"13:31:00.800000",-0.029,0.027,1.092
"13:31:01.000000",-0.031,0.027,1.091
"13:31:01.200000",-0.029,0.027,1.091
"13:31:01.400000",-0.031,0.026,1.091
"13:31:01.600000",-0.031,0.027,1.091
"13:31:01.800000",-0.030,0.027,1.092
"13:31:02.000000",-0.028,0.027,1.093
"13:31:02.200000",-0.030,0.027,1.091
"13:31:02.400000",-0.028,0.027,1.093
"13:31:02.600000",-0.030,0.027,1.092
"13:31:02.800000",-0.030,0.028,1.091
"13:31:03.000000",-0.030,0.027,1.092
"13:31:03.200000",-0.029,0.028,1.091
"13:31:03.400000",-0.029,0.027,1.091
"13:31:03.600000",-0.029,0.027,1.092
"13:31:03.800000",-0.029,0.027,1.091
"13:31:04.000000",-0.030,0.026,1.091
"13:31:04.200000",-0.029,0.026,1.091
"13:31:04.400000",-0.029,0.027,1.092
"13:31:04.600000",-0.029,0.027,1.092
"13:31:04.800000",-0.029,0.028,1.091
"13:31:05.000000",-0.029,0.029,1.092
"13:31:05.200000",-0.029,0.027,1.092
"13:31:05.400000",-0.031,0.028,1.093
"13:31:05.600000",-0.029,0.028,1.091
"13:31:05.800000",-0.029,0.027,1.091
"13:31:06.000000",-0.029,0.028,1.091
"13:31:06.200000",-0.029,0.027,1.092
"13:31:06.400000",-0.029,0.027,1.092
"13:31:06.600000",-0.030,0.027,1.091
"13:31:06.800000",-0.029,0.027,1.091
"13:31:07.000000",-0.029,0.026,1.091
"13:31:07.200000",-0.029,0.027,1.090
"13:31:07.400000",-0.029,0.029,1.091
"13:31:07.600000",-0.028,0.028,1.092
"13:31:07.800000",-0.029,0.027,1.091
"13:31:08.000000",-0.030,0.027,1.091
"13:31:08.200000",-0.029,0.027,1.092
"13:31:08.400000",-0.029,0.026,1.092
"13:31:08.600000",-0.029,0.027,1.089
"13:31:08.800000",-0.029,0.026,1.091
"13:31:09.000000",-0.030,0.027,1.092
"13:31:09.200000",-0.030,0.027,1.091
"13:31:09.400000",-0.030,0.028,1.092
"13:31:09.600000",-0.030,0.027,1.092
"13:31:09.800000",-0.026,0.029,1.091
"13:31:10.000000",-0.029,0.028,1.092
"13:31:10.200000",-0.030,0.027,1.092
"13:31:10.400000",-0.029,0.027,1.091
"13:31:10.600000",-0.029,0.027,1.091
"13:31:10.800000",-0.030,0.027,1.092
"13:31:11.000000",-0.029,0.027,1.091
"13:31:11.200000",-0.028,0.027,1.091
"13:31:11.400000",-0.029,0.027,1.093
"13:31:11.600000",-0.029,0.027,1.092
"13:31:11.800000",-0.029,0.027,1.092
"13:31:12.000000",-0.029,0.028,1.092
"13:31:12.200000",-0.029,0.028,1.091
"13:31:12.400000",-0.030,0.027,1.091
"13:31:12.600000",-0.029,0.027,1.091
"13:31:12.800000",-0.030,0.027,1.091
"13:31:13.000000",-0.030,0.027,1.091
"13:31:13.200000",-0.028,0.027,1.092
"13:31:13.400000",-0.029,0.027,1.091
"13:31:13.600000",-0.027,0.027,1.093
"13:31:13.800000",-0.029,0.027,1.092
"13:31:14.000000",-0.029,0.027,1.093
"13:31:14.200000",-0.030,0.028,1.090
"13:31:14.400000",-0.029,0.028,1.092
"13:31:14.600000",-0.029,0.029,1.091
"13:31:14.800000",-0.029,0.028,1.093
"13:31:15.000000",-0.029,0.027,1.090
"13:31:15.200000",-0.029,0.027,1.091
"13:31:15.400000",-0.029,0.027,1.090
"13:31:15.600000",-0.029,0.027,1.091
"13:31:15.800000",-0.029,0.027,1.091
"13:31:16.000000",-0.029,0.027,1.092
"13:31:16.200000",-0.029,0.027,1.092
"13:31:16.400000",-0.030,0.027,1.091
"13:31:16.600000",-0.029,0.028,1.091
"13:31:16.800000",-0.029,0.029,1.092
"13:31:17.000000",-0.029,0.027,1.091
"13:31:17.200000",-0.029,0.028,1.093
"13:31:17.400000",-0.029,0.027,1.091
"13:31:17.600000",-0.028,0.027,1.091
"13:31:17.800000",-0.029,0.027,1.092
"13:31:18.000000",-0.029,0.026,1.091
"13:31:18.200000",-0.029,0.027,1.093
"13:31:18.400000",-0.028,0.027,1.091
"13:31:18.600000",-0.029,0.027,1.092
"13:31:18.800000",-0.029,0.027,1.093
"13:31:19.000000",-0.027,0.027,1.091
"13:31:19.200000",-0.028,0.027,1.091
"13:31:19.400000",-0.029,0.029,1.092
"13:31:19.600000",-0.028,0.027,1.092
"13:31:19.800000",-0.028,0.028,1.091
"13:31:20.000000",-0.028,0.027,1.091
"13:31:20.200000",-0.028,0.027,1.092
"13:31:20.400000",-0.029,0.027,1.092
"13:31:20.600000",-0.028,0.027,1.091
"13:31:20.800000",-0.029,0.027,1.091
"13:31:21.000000",-0.029,0.027,1.092
"13:31:21.200000",-0.029,0.028,1.091
"13:31:21.400000",-0.028,0.028,1.091
"13:31:21.600000",-0.029,0.027,1.092
"13:31:21.800000",-0.028,0.028,1.091
"13:31:22.000000",-0.030,0.027,1.092
"13:31:22.200000",-0.028,0.028,1.093
"13:31:22.400000",-0.029,0.027,1.092
"13:31:22.600000",-0.030,0.027,1.093
"13:31:22.800000",-0.029,0.027,1.091
"13:31:23.000000",-0.029,0.027,1.092
"13:31:23.200000",-0.029,0.027,1.092
"13:31:23.400000",-0.029,0.028,1.091
"13:31:23.600000",-0.029,0.027,1.091
"13:31:23.800000",-0.029,0.027,1.091
"13:31:24.000000",-0.028,0.027,1.093
"13:31:24.200000",-0.030,0.027,1.093
"13:31:24.400000",-0.028,0.028,1.091
"13:31:24.600000",-0.029,0.027,1.092
"13:31:24.800000",-0.028,0.027,1.092
"13:31:25.000000",-0.029,0.027,1.091
"13:31:25.200000",-0.029,0.027,1.091
"13:31:25.400000",-0.029,0.026,1.092
"13:31:25.600000",-0.029,0.027,1.091
"13:31:25.800000",-0.029,0.029,1.092
"13:31:26.000000",-0.029,0.027,1.092
"13:31:26.200000",-0.029,0.028,1.091
"13:31:26.400000",-0.029,0.236,1.092
"13:31:26.600000",-0.029,0.237,1.091
"13:31:26.800000",-0.028,0.237,1.093
"13:31:27.000000",-0.027,0.237,1.091
"13:31:27.200000",-0.029,0.027,1.091
"13:31:27.400000",-0.029,0.027,1.092
"13:31:27.600000",-0.029,0.027,1.091
"13:31:27.800000",-0.029,0.027,1.091
"13:31:28.000000",-0.028,-0.182,1.091
"13:31:28.200000",-0.029,-0.181,1.092
"13:31:28.400000",-0.028,-0.181,1.091
"13:31:28.600000",-0.028,-0.181,1.091
"13:31:28.800000",-0.028,-0.181,1.092
"13:31:29.000000",-0.029,0.027,1.091
"13:31:29.200000",-0.027,0.027,1.091
"13:31:29.400000",-0.028,0.028,1.091
"13:31:29.600000",-0.028,0.027,1.091
"13:31:29.800000",-0.027,0.027,1.091
"13:31:30.000000",-0.028,0.027,1.092
"13:31:30.200000",-0.029,0.027,1.091
"13:31:30.400000",-0.029,0.027,1.092
"13:31:30.600000",-0.027,0.028,1.092
"13:31:30.800000",-0.029,0.030,1.092
"13:31:31.000000",-0.029,0.029,1.092
"13:31:31.200000",-0.028,0.027,1.092
"13:31:31.400000",-0.029,0.027,1.091
"13:31:31.600000",-0.029,0.026,1.093
"13:31:31.800000",-0.029,0.027,1.092
"13:31:32.000000",-0.029,0.027,1.091
"13:31:32.200000",-0.028,0.027,1.091
"13:31:32.400000",-0.028,0.027,1.092
"13:31:32.600000",-0.028,0.027,1.091
"13:31:32.800000",-0.028,0.028,1.093
"13:31:33.000000",-0.030,0.029,1.091
"13:31:33.200000",0.000,0.028,1.093
"13:31:33.400000",0.000,0.028,1.091
"13:31:33.600000",0.000,0.028,1.092
"13:31:33.800000",0.000,0.027,1.091
"13:31:34.000000",0.000,0.027,1.092
"13:31:34.200000",0.000,0.027,1.091
"13:31:34.400000",0.000,0.027,1.093
"13:31:34.600000",0.000,0.028,1.092
"13:31:34.800000",-0.001,0.027,-0.001
"13:31:35.000000",-0.002,0.028,0.000
"13:31:35.200000",0.000,0.027,-0.002
"13:31:35.400000",-0.001,0.028,0.000
"13:31:35.600000",0.001,0.027,0.000
"13:31:35.800000",0.000,0.027,-0.001
"13:31:36.000000",0.000,0.027,-0.001
"13:31:36.200000",0.000,0.027,0.000
"13:31:36.400000",0.000,0.027,-0.002
"13:31:36.600000",0.000,0.027,-0.001
"13:31:36.800000",-0.001,0.027,-0.001
"13:31:37.000000",0.000,0.027,0.000
"13:31:37.200000",0.000,0.028,0.000
"13:31:37.400000",0.000,0.027,-0.001
"13:31:37.600000",0.000,0.028,0.000
"13:31:37.800000",0.000,0.027,0.000
"13:31:38.000000",0.000,0.028,0.000
"13:31:38.200000",-0.001,0.028,0.000
"13:31:38.400000",0.000,0.027,-0.002
"13:31:38.600000",0.000,0.027,0.000
"13:31:38.800000",0.000,0.027,-0.001
"13:31:39.000000",-0.001,0.026,-0.001
"13:31:39.200000",0.000,0.027,0.000
"13:31:39.400000",0.002,0.027,0.000
"13:31:39.600000",0.000,0.027,-0.002
"13:31:39.800000",0.000,0.027,-0.001
"13:31:40.000000",0.000,0.027,-0.001
"13:31:40.200000",0.000,0.028,0.000
"13:31:40.400000",-0.001,0.027,-0.002
"13:31:40.600000",0.000,0.027,0.001
"13:31:40.800000",0.000,0.026,-0.001
"13:31:41.000000",0.000,0.026,0.000
"13:31:41.200000",0.000,0.027,0.000
"13:31:41.400000",0.000,0.027,-0.001
"13:31:41.600000",0.000,0.027,-0.002
"13:31:41.800000",-0.001,0.027,0.000
"13:31:42.000000",0.000,0.027,-0.002
"13:31:42.200000",0.000,0.027,-0.001
"13:31:42.400000",0.000,0.027,-0.001
"13:31:42.600000",0.000,0.026,-0.001
"13:31:42.800000",0.000,0.027,0.000
"13:31:43.000000",0.010,0.027,0.000
"13:31:43.200000",0.023,0.028,0.002
"13:31:43.400000",0.036,0.029,0.002
"13:31:43.600000",0.049,0.029,0.004
"13:31:43.800000",0.057,0.029,0.006
"13:31:44.000000",0.064,0.030,0.006
"13:31:44.200000",0.070,0.030,0.007
"13:31:44.400000",0.075,0.032,0.009
"13:31:44.600000",0.080,0.032,0.010
"13:31:44.800000",0.085,0.032,0.010
"13:31:45.000000",0.091,0.032,0.011
"13:31:45.200000",0.095,0.032,0.012
"13:31:45.400000",0.100,0.032,0.014
"13:31:45.600000",0.104,0.032,0.015
"13:31:45.800000",0.107,0.030,0.016
"13:31:46.000000",0.109,0.031,0.017
"13:31:46.200000",0.113,0.032,0.018
"13:31:46.400000",0.115,0.033,0.020
"13:31:46.600000",0.117,0.032,0.022
"13:31:46.800000",0.119,0.034,0.022
"13:31:47.000000",0.121,0.034,0.023
"13:31:47.200000",0.122,0.033,0.024
"13:31:47.400000",0.122,0.033,0.025
"13:31:47.600000",0.124,0.033,0.026
"13:31:47.800000",0.124,0.033,0.027
"13:31:48.000000",0.126,0.032,0.029
"13:31:48.200000",0.126,0.032,0.029
"13:31:48.400000",0.126,0.033,0.031
"13:31:48.600000",0.127,0.032,0.031
"13:31:48.800000",0.126,0.033,0.034
"13:31:49.000000",0.128,0.034,0.034
"13:31:49.200000",0.130,0.034,0.034
"13:31:49.400000",0.130,0.034,0.036
"13:31:49.600000",0.132,0.034,0.036
"13:31:49.800000",0.132,0.034,0.038
"13:31:50.000000",0.132,0.033,0.039
"13:31:50.200000",0.134,0.034,0.040
"13:31:50.400000",0.134,0.032,0.042
"13:31:50.600000",0.139,0.033,0.042
"13:31:50.800000",0.143,0.033,0.043
"13:31:51.000000",0.146,0.034,0.045
"13:31:51.200000",0.150,0.034,0.045
"13:31:51.400000",0.154,0.034,0.049
"13:31:51.600000",0.157,0.035,0.049
"13:31:51.800000",0.158,0.035,0.049
"13:31:52.000000",0.160,0.036,0.051
"13:31:52.200000",0.159,0.035,0.053
"13:31:52.400000",0.162,0.034,0.053
"13:31:52.600000",0.162,0.034,0.054
"13:31:52.800000",0.163,0.034,0.054
"13:31:53.000000",0.164,0.034,0.055
"13:31:53.200000",0.167,0.034,0.057
"13:31:53.400000",0.174,0.034,0.059
"13:31:53.600000",0.179,0.035,0.059
"13:31:53.800000",0.183,0.036,0.060
"13:31:54.000000",0.188,0.036,0.061
"13:31:54.200000",0.194,0.036,0.063
"13:31:54.400000",0.199,0.036,0.064
"13:31:54.600000",0.205,0.036,0.064
"13:31:54.800000",0.211,0.036,0.066
"13:31:55.000000",0.216,0.036,0.068
"13:31:55.200000",0.222,0.037,0.068
"13:31:55.400000",0.227,0.036,0.068
"13:31:55.600000",0.233,0.038,0.070
"13:31:55.800000",0.239,0.036,0.071
"13:31:56.000000",0.246,0.038,0.073
"13:31:56.200000",0.252,0.039,0.075
"13:31:56.400000",0.259,0.040,0.074
"13:31:56.600000",0.266,0.040,0.078
"13:31:56.800000",0.271,0.040,0.077
"13:31:57.000000",0.278,0.039,0.079
"13:31:57.200000",0.286,0.038,0.079
"13:31:57.400000",0.293,0.040,0.081
"13:31:57.600000",0.300,0.040,0.083
"13:31:57.800000",0.308,0.040,0.082
"13:31:58.000000",0.316,0.040,0.083
"13:31:58.200000",0.323,0.042,0.085
"13:31:58.400000",0.327,0.042,0.087
"13:31:58.600000",0.333,0.042,0.087
"13:31:58.800000",0.339,0.042,0.087
"13:31:59.000000",0.344,0.042,0.089
"13:31:59.200000",0.349,0.042,0.089
"13:31:59.400000",0.355,0.042,0.092
"13:31:59.600000",0.360,0.042,0.094
"13:31:59.800000",0.366,0.042,0.098
"13:32:00.000000",0.372,0.043,0.094
"13:32:00.200000",0.378,0.042,0.097
"13:32:00.400000",0.385,0.043,0.098
"13:32:00.600000",0.388,0.044,0.098
"13:32:00.800000",0.395,0.044,0.100
"13:32:01.000000",0.401,0.046,0.099
"13:32:01.200000",0.406,0.044,0.101
"13:32:01.400000",0.412,0.045,0.103
"13:32:01.600000",0.417,0.045,0.104
"13:32:01.800000",0.423,0.044,0.105
"13:32:02.000000",0.430,0.049,0.105
"13:32:02.200000",0.436,0.046,0.107
"13:32:02.400000",0.440,0.046,0.108
"13:32:02.600000",0.447,0.046,0.109
"13:32:02.800000",0.453,0.047,0.112
"13:32:03.000000",0.458,0.047,0.111
"13:32:03.200000",0.464,0.048,0.114
"13:32:03.400000",0.469,0.047,0.115
"13:32:03.600000",0.475,0.047,0.115
"13:32:03.800000",0.482,0.049,0.116
"13:32:04.000000",0.488,0.048,0.117
"13:32:04.200000",0.494,0.048,0.120
"13:32:04.400000",0.500,0.047,0.121
"13:32:04.600000",0.505,0.049,0.122
"13:32:04.800000",0.512,0.049,0.121
"13:32:05.000000",0.518,0.049,0.123
"13:32:05.200000",0.524,0.051,0.124
"13:32:05.400000",0.532,0.051,0.125
"13:32:05.600000",0.537,0.051,0.126
"13:32:05.800000",0.543,0.051,0.128
"13:32:06.000000",0.550,0.051,0.128
"13:32:06.200000",0.556,0.051,0.130
"13:32:06.400000",0.563,0.051,0.130
"13:32:06.600000",0.571,0.050,0.130
"13:32:06.800000",0.577,0.051,0.132
"13:32:07.000000",0.584,0.051,0.133
"13:32:07.200000",0.592,0.051,0.134
"13:32:07.400000",0.599,0.053,0.135
"13:32:07.600000",0.603,0.053,0.138
"13:32:07.800000",0.611,0.054,0.139
"13:32:08.000000",0.618,0.055,0.139
"13:32:08.200000",0.625,0.055,0.139
"13:32:08.400000",0.631,0.053,0.139
"13:32:08.600000",0.637,0.054,0.143
"13:32:08.800000",0.644,0.055,0.144
"13:32:09.000000",0.652,0.053,0.145
"13:32:09.200000",0.659,0.055,0.146
"13:32:09.400000",0.667,0.055,0.148
"13:32:09.600000",0.674,0.056,0.149
"13:32:09.800000",0.679,0.057,0.150
"13:32:10.000000",0.687,0.057,0.151
"13:32:10.200000",0.693,0.057,0.151
"13:32:10.400000",0.701,0.057,0.152
"13:32:10.600000",0.709,0.057,0.154
"13:32:10.800000",0.716,0.057,0.154
"13:32:11.000000",0.723,0.058,0.157
"13:32:11.200000",0.732,0.058,0.158
"13:32:11.400000",0.738,0.059,0.159
"13:32:11.600000",0.744,0.057,0.160
"13:32:11.800000",0.751,0.059,0.160
"13:32:12.000000",0.759,0.060,0.161
"13:32:12.200000",0.767,0.062,0.163
"13:32:12.400000",0.775,0.062,0.164
"13:32:12.600000",0.783,0.062,0.164
"13:32:12.800000",0.789,0.062,0.168
"13:32:13.000000",0.796,0.061,0.166
"13:32:13.200000",0.802,0.061,0.168
"13:32:13.400000",0.811,0.062,0.169
"13:32:13.600000",0.817,0.063,0.172
"13:32:13.800000",0.824,0.063,0.173
"13:32:14.000000",0.832,0.063,0.172
"13:32:14.200000",0.841,0.064,0.173
"13:32:14.400000",0.847,0.064,0.177
"13:32:14.600000",0.856,0.066,0.177
"13:32:14.800000",0.861,0.066,0.177
"13:32:15.000000",0.870,0.065,0.179
"13:32:15.200000",0.877,0.066,0.180
"13:32:15.400000",0.884,0.066,0.179
"13:32:15.600000",0.894,0.066,0.181
"13:32:15.800000",0.901,0.066,0.182
"13:32:16.000000",0.907,0.066,0.183
"13:32:16.200000",0.914,0.067,0.185
"13:32:16.400000",0.922,0.068,0.186
"13:32:16.600000",0.930,0.068,0.186
"13:32:16.800000",0.937,0.068,0.188
"13:32:17.000000",0.944,0.069,0.190
"13:32:17.200000",0.952,0.070,0.190
"13:32:17.400000",0.958,0.071,0.192
"13:32:17.600000",0.967,0.070,0.192
"13:32:17.800000",0.973,0.071,0.194
"13:32:18.000000",0.982,0.071,0.195
"13:32:18.200000",0.988,0.072,0.196
"13:32:18.400000",0.996,0.072,0.196
"13:32:18.600000",1.005,0.073,0.197
"13:32:18.800000",1.012,0.073,0.201
"13:32:19.000000",1.018,0.073,0.199
"13:32:19.200000",1.027,0.074,0.203
"13:32:19.400000",1.033,0.074,0.203
"13:32:19.600000",1.041,0.076,0.203
"13:32:19.800000",1.050,0.077,0.205
"13:32:20.000000",1.057,0.076,0.206
"13:32:20.200000",1.062,0.076,0.207
"13:32:20.400000",1.071,0.077,0.207
"13:32:20.600000",1.078,0.076,0.209
"13:32:20.800000",1.085,0.077,0.211
"13:32:21.000000",1.093,0.077,0.211
"13:32:21.200000",1.100,0.079,0.214
"13:32:21.400000",1.108,0.079,0.214
"13:32:21.600000",1.116,0.080,0.215
"13:32:21.800000",1.123,0.081,0.216
"13:32:22.000000",1.130,0.082,0.217
"13:32:22.200000",1.137,0.082,0.219
"13:32:22.400000",1.145,0.083,0.220
"13:32:22.600000",1.152,0.081,0.220
"13:32:22.800000",1.160,0.082,0.222
"13:32:23.000000",1.167,0.083,0.223
"13:32:23.200000",1.174,0.084,0.225
"13:32:23.400000",1.181,0.085,0.226
"13:32:23.600000",1.189,0.087,0.227
"13:32:23.800000",1.196,0.087,0.226
"13:32:24.000000",1.202,0.088,0.227
"13:32:24.200000",1.208,0.089,0.230
"13:32:24.400000",1.216,0.089,0.231
"13:32:24.600000",1.224,0.090,0.232
"13:32:24.800000",1.230,0.090,0.233
"13:32:25.000000",1.237,0.091,0.235
"13:32:25.200000",1.243,0.091,0.235
"13:32:25.400000",1.251,0.092,0.236
"13:32:25.600000",1.258,0.093,0.237
"13:32:25.800000",1.265,0.094,0.237
"13:32:26.000000",1.271,0.094,0.239
"13:32:26.200000",1.277,0.096,0.241
"13:32:26.400000",1.283,0.098,0.242
"13:32:26.600000",1.292,0.098,0.244
"13:32:26.800000",1.299,0.100,0.243
"13:32:27.000000",1.304,0.100,0.244
"13:32:27.200000",1.310,0.100,0.247
"13:32:27.400000",1.316,0.102,0.247
"13:32:27.600000",1.322,0.102,0.248
"13:32:27.800000",1.329,0.103,0.250
"13:32:28.000000",1.335,0.105,0.250
"13:32:28.200000",1.342,0.106,0.252
"13:32:28.400000",1.348,0.107,0.252
"13:32:28.600000",1.352,0.109,0.253
"13:32:28.800000",1.359,0.110,0.254
"13:32:29.000000",1.365,0.111,0.256
"13:32:29.200000",1.369,0.111,0.256
"13:32:29.400000",1.376,0.113,0.258
"13:32:29.600000",1.381,0.114,0.259
"13:32:29.800000",1.387,0.115,0.261
"13:32:30.000000",1.391,0.117,0.263
"13:32:30.200000",1.399,0.117,0.263
"13:32:30.400000",1.404,0.120,0.263
"13:32:30.600000",1.408,0.122,0.264
"13:32:30.800000",1.414,0.124,0.266
"13:32:31.000000",1.419,0.125,0.268
"13:32:31.200000",1.425,0.127,0.268
"13:32:31.400000",1.429,0.128,0.269
"13:32:31.600000",1.435,0.129,0.270
"13:32:31.800000",1.439,0.132,0.273
"13:32:32.000000",1.444,0.132,0.272
"13:32:32.200000",1.449,0.134,0.273
"13:32:32.400000",1.454,0.136,0.275
"13:32:32.600000",1.458,0.137,0.277
"13:32:32.800000",1.462,0.139,0.278
"13:32:33.000000",1.468,0.141,0.278
"13:32:33.200000",1.472,0.143,0.279
"13:32:33.400000",1.475,0.145,0.280
"13:32:33.600000",1.480,0.146,0.282
"13:32:33.800000",1.485,0.149,0.284
"13:32:34.000000",1.489,0.149,0.285
"13:32:34.200000",1.493,0.151,0.285
"13:32:34.400000",1.498,0.154,0.284
"13:32:34.600000",1.502,0.155,0.288
"13:32:34.800000",1.505,0.157,0.288
"13:32:35.000000",1.509,0.158,0.290
"13:32:35.200000",1.513,0.162,0.290
"13:32:35.400000",1.517,0.164,0.292
"13:32:35.600000",1.521,0.166,0.292
"13:32:35.800000",1.525,0.170,0.294
"13:32:36.000000",1.529,0.171,0.294
"13:32:36.200000",1.532,0.173,0.295
"13:32:36.400000",1.536,0.175,0.298
"13:32:36.600000",1.539,0.176,0.299
"13:32:36.800000",1.543,0.178,0.299
"13:32:37.000000",1.547,0.180,0.300
"13:32:37.200000",1.551,0.183,0.301
"13:32:37.400000",1.554,0.185,0.303
"13:32:37.600000",1.558,0.188,0.303
"13:32:37.800000",1.562,0.190,0.304
"13:32:38.000000",1.564,0.194,0.305
"13:32:38.200000",1.567,0.195,0.306
"13:32:38.400000",1.572,0.196,0.309
"13:32:38.600000",1.574,0.199,0.309
"13:32:38.800000",1.577,0.201,0.310
"13:32:39.000000",1.581,0.203,0.312
"13:32:39.200000",1.584,0.206,0.312
"13:32:39.400000",1.587,0.209,0.313
"13:32:39.600000",1.590,0.211,0.314
"13:32:39.800000",1.593,0.214,0.316
"13:32:40.000000",1.596,0.217,0.318
"13:32:40.200000",1.599,0.218,0.318
"13:32:40.400000",1.602,0.222,0.319
"13:32:40.600000",1.604,0.224,0.321
"13:32:40.800000",1.607,0.226,0.323
"13:32:41.000000",1.609,0.229,0.323
"13:32:41.200000",1.612,0.231,0.324
"13:32:41.400000",1.616,0.233,0.325
"13:32:41.600000",1.620,0.236,0.327
"13:32:41.800000",1.622,0.238,0.325
"13:32:42.000000",1.624,0.241,0.327
"13:32:42.200000",1.626,0.243,0.328
"13:32:42.400000",1.630,0.246,0.332
"13:32:42.600000",1.633,0.249,0.331
"13:32:42.800000",1.633,0.252,0.333
"13:32:43.000000",1.636,0.254,0.333
"13:32:43.200000",1.641,0.256,0.333
"13:32:43.400000",1.643,0.259,0.336
"13:32:43.600000",1.644,0.261,0.337
"13:32:43.800000",1.648,0.264,0.338
"13:32:44.000000",1.649,0.266,0.340
"13:32:44.200000",1.652,0.270,0.341
"13:32:44.400000",1.654,0.272,0.342
"13:32:44.600000",1.657,0.275,0.342
"13:32:44.800000",1.658,0.278,0.344
"13:32:45.000000",1.661,0.282,0.346
"13:32:45.200000",1.663,0.283,0.346
"13:32:45.400000",1.665,0.286,0.348
"13:32:45.600000",1.669,0.288,0.348
"13:32:45.800000",1.670,0.291,0.348
"13:32:46.000000",1.672,0.293,0.351
"13:32:46.200000",1.675,0.297,0.351
"13:32:46.400000",1.677,0.299,0.354
"13:32:46.600000",1.679,0.301,0.353
"13:32:46.800000",1.681,0.305,0.354
"13:32:47.000000",1.683,0.308,0.357
"13:32:47.200000",1.684,0.312,0.358
"13:32:47.400000",1.687,0.314,0.359
"13:32:47.600000",1.688,0.316,0.359
"13:32:47.800000",1.690,0.319,0.362
"13:32:48.000000",1.693,0.322,0.359
"13:32:48.200000",1.695,0.325,0.363
"13:32:48.400000",1.698,0.327,0.364
"13:32:48.600000",1.700,0.329,0.364
"13:32:48.800000",1.702,0.333,0.366
"13:32:49.000000",1.702,0.336,0.368
"13:32:49.200000",1.705,0.338,0.368
"13:32:49.400000",1.706,0.342,0.370
"13:32:49.600000",1.710,0.345,0.371
"13:32:49.800000",1.710,0.348,0.372
"13:32:50.000000",1.712,0.351,0.373
"13:32:50.200000",1.715,0.353,0.374
"13:32:50.400000",1.717,0.356,0.375
"13:32:50.600000",1.718,0.358,0.376
"13:32:50.800000",1.720,0.361,0.377
"13:32:51.000000",1.721,0.364,0.378
"13:32:51.200000",1.723,0.367,0.380
"13:32:51.400000",1.725,0.370,0.381
"13:32:51.600000",1.725,0.373,0.381
"13:32:51.800000",1.728,0.376,0.383
"13:32:52.000000",1.730,0.380,0.385
"13:32:52.200000",1.732,0.383,0.387
"13:32:52.400000",1.734,0.385,0.386
"13:32:52.600000",1.735,0.388,0.387
"13:32:52.800000",1.737,0.391,0.389
"13:32:53.000000",1.739,0.393,0.389
"13:32:53.200000",1.740,0.395,0.391
"13:32:53.400000",1.742,0.399,0.393
"13:32:53.600000",1.744,0.402,0.392
"13:32:53.800000",1.746,0.405,0.393
"13:32:54.000000",1.747,0.408,0.395
"13:32:54.200000",1.748,0.411,0.397
"13:32:54.400000",1.749,0.416,0.398
"13:32:54.600000",1.752,0.417,0.398
"13:32:54.800000",1.752,0.420,0.400
"13:32:55.000000",1.754,0.423,0.400
"13:32:55.200000",1.756,0.425,0.400
"13:32:55.400000",1.757,0.428,0.405
"13:32:55.600000",1.759,0.432,0.404
"13:32:55.800000",1.760,0.435,0.404
"13:32:56.000000",1.763,0.436,0.406
"13:32:56.200000",1.763,0.442,0.408
"13:32:56.400000",1.767,0.445,0.406
"13:32:56.600000",1.768,0.448,0.408
"13:32:56.800000",1.768,0.451,0.410
"13:32:57.000000",1.771,0.454,0.410
"13:32:57.200000",1.770,0.456,0.414
"13:32:57.400000",1.772,0.459,0.414
"13:32:57.600000",1.774,0.462,0.415
"13:32:57.800000",1.775,0.465,0.417
"13:32:58.000000",1.777,0.468,0.417
"13:32:58.200000",1.777,0.471,0.418
"13:32:58.400000",1.778,0.474,0.419
"13:32:58.600000",1.780,0.477,0.419
"13:32:58.800000",1.782,0.480,0.421
"13:32:59.000000",1.782,0.483,0.423
"13:32:59.200000",1.785,0.487,0.424
"13:32:59.400000",1.785,0.490,0.425
"13:32:59.600000",1.787,0.492,0.425
"13:32:59.800000",1.789,0.496,0.428
"13:33:00.000000",1.790,0.498,0.428
"13:33:00.200000",1.792,0.500,0.428
"13:33:00.400000",1.793,0.504,0.430
"13:33:00.600000",1.797,0.507,0.432
"13:33:00.800000",1.797,0.509,0.432
"13:33:01.000000",1.797,0.514,0.435
"13:33:01.200000",1.798,0.516,0.435
"13:33:01.400000",1.799,0.521,0.436
"13:33:01.600000",1.801,0.523,0.436
"13:33:01.800000",1.802,0.525,0.439
"13:33:02.000000",1.804,0.529,0.439
"13:33:02.200000",1.804,0.531,0.440
"13:33:02.400000",1.805,0.535,0.440
"13:33:02.600000",1.807,0.538,0.443
"13:33:02.800000",1.809,0.540,0.444
"13:33:03.000000",1.809,0.543,0.445
"13:33:03.200000",1.810,0.547,0.446
"13:33:03.400000",1.811,0.551,0.446
"13:33:03.600000",1.812,0.554,0.449
"13:33:03.800000",1.814,0.558,0.449
"13:33:04.000000",1.815,0.560,0.451
"13:33:04.200000",1.820,0.563,0.451
"13:33:04.400000",1.814,0.566,0.452
"13:33:04.600000",1.819,0.569,0.453
"13:33:04.800000",1.820,0.571,0.455
"13:33:05.000000",1.821,0.575,0.455
"13:33:05.200000",1.821,0.578,0.458
"13:33:05.400000",1.825,0.580,0.458
"13:33:05.600000",1.824,0.584,0.460
"13:33:05.800000",1.824,0.588,0.460
"13:33:06.000000",1.827,0.590,0.462
"13:33:06.200000",1.827,0.594,0.463
"13:33:06.400000",1.829,0.597,0.463
"13:33:06.600000",1.831,0.601,0.464
"13:33:06.800000",1.830,0.603,0.466
"13:33:07.000000",1.834,0.606,0.468
"13:33:07.200000",1.834,0.608,0.470
"13:33:07.400000",1.835,0.612,0.470
"13:33:07.600000",1.838,0.615,0.470
"13:33:07.800000",1.838,0.619,0.472
"13:33:08.000000",1.838,0.622,0.471
"13:33:08.200000",1.840,0.625,0.473
"13:33:08.400000",1.840,0.629,0.476
"13:33:08.600000",1.842,0.632,0.477
"13:33:08.800000",1.843,0.635,0.478
"13:33:09.000000",1.846,0.639,0.477
"13:33:09.200000",1.845,0.641,0.481
"13:33:09.400000",1.848,0.644,0.479
"13:33:09.600000",1.847,0.647,0.481
"13:33:09.800000",1.849,0.650,0.481
"13:33:10.000000",1.849,0.653,0.484
"13:33:10.200000",1.850,0.657,0.485
"13:33:10.400000",1.851,0.661,0.485
"13:33:10.600000",1.853,0.663,0.488
"13:33:10.800000",1.852,0.667,0.489
"13:33:11.000000",1.855,0.670,0.490
"13:33:11.200000",1.855,0.672,0.491
"13:33:11.400000",1.856,0.676,0.492
"13:33:11.600000",1.857,0.679,0.492
"13:33:11.800000",1.860,0.681,0.494
"13:33:12.000000",1.858,0.684,0.496
"13:33:12.200000",1.859,0.687,0.496
"13:33:12.400000",1.862,0.691,0.497
"13:33:12.600000",1.862,0.693,0.499
"13:33:12.800000",1.862,0.698,0.500
"13:33:13.000000",1.865,0.700,0.501
"13:33:13.200000",1.864,0.706,0.501
"13:33:13.400000",1.866,0.707,0.505
"13:33:13.600000",1.867,0.711,0.505
"13:33:13.800000",1.867,0.714,0.503
"13:33:14.000000",1.870,0.717,0.505
"13:33:14.200000",1.869,0.719,0.508
"13:33:14.400000",1.871,0.723,0.509
"13:33:14.600000",1.872,0.725,0.510
"13:33:14.800000",1.873,0.729,0.511
"13:33:15.000000",1.874,0.734,0.513
"13:33:15.200000",1.876,0.736,0.513
"13:33:15.400000",1.876,0.740,0.513
"13:33:15.600000",1.876,0.742,0.517
"13:33:15.800000",1.877,0.746,0.517
"13:33:16.000000",1.878,0.749,0.517
"13:33:16.200000",1.878,0.752,0.518
"13:33:16.400000",1.881,0.754,0.519
"13:33:16.600000",1.881,0.757,0.522
"13:33:16.800000",1.881,0.762,0.521
"13:33:17.000000",1.883,0.765,0.522
"13:33:17.200000",1.885,0.767,0.524
"13:33:17.400000",1.885,0.771,0.524
"13:33:17.600000",1.885,0.775,0.528
"13:33:17.800000",1.887,0.778,0.528
"13:33:18.000000",1.887,0.781,0.527
"13:33:18.200000",1.888,0.784,0.530
"13:33:18.400000",1.890,0.787,0.532
"13:33:18.600000",1.890,0.789,0.532
"13:33:18.800000",1.891,0.792,0.532
"13:33:19.000000",1.893,0.796,0.533
"13:33:19.200000",1.893,0.800,0.535
"13:33:19.400000",1.894,0.802,0.535
"13:33:19.600000",1.894,0.806,0.537
"13:33:19.800000",1.894,0.810,0.538
"13:33:20.000000",1.896,0.813,0.540
"13:33:20.200000",1.897,0.815,0.540
"13:33:20.400000",1.897,0.819,0.541
"13:33:20.600000",1.898,0.823,0.542
"13:33:20.800000",1.900,0.826,0.543
"13:33:21.000000",1.900,0.828,0.544
"13:33:21.200000",1.900,0.830,0.546
"13:33:21.400000",1.902,0.836,0.547
"13:33:21.600000",1.902,0.838,0.549
"13:33:21.800000",1.903,0.841,0.549
"13:33:22.000000",1.905,0.844,0.551
"13:33:22.200000",1.904,0.849,0.552
"13:33:22.400000",1.905,0.851,0.552
"13:33:22.600000",1.907,0.855,0.553
"13:33:22.800000",1.907,0.857,0.554
"13:33:23.000000",1.909,0.860,0.555
"13:33:23.200000",1.908,0.864,0.558
"13:33:23.400000",1.910,0.867,0.558
"13:33:23.600000",1.910,0.869,0.558
"13:33:23.800000",1.911,0.873,0.560
"13:33:24.000000",1.912,0.877,0.562
"13:33:24.200000",1.913,0.880,0.563
"13:33:24.400000",1.913,0.884,0.563
"13:33:24.600000",1.913,0.888,0.565
"13:33:24.800000",1.914,0.890,0.567
"13:33:25.000000",1.915,0.893,0.567
"13:33:25.200000",1.914,0.897,0.569
"13:33:25.400000",1.916,0.899,0.569
"13:33:25.600000",1.917,0.903,0.570
"13:33:25.800000",1.920,0.905,0.573
"13:33:26.000000",1.920,0.909,0.572
"13:33:26.200000",1.920,0.912,0.575
"13:33:26.400000",1.920,0.916,0.575
"13:33:26.600000",1.922,0.919,0.576
"13:33:26.800000",1.924,0.923,0.575
"13:33:27.000000",1.924,0.926,0.579
"13:33:27.200000",1.924,0.929,0.581
"13:33:27.400000",1.924,0.933,0.580
"13:33:27.600000",1.926,0.936,0.582
"13:33:27.800000",1.926,0.938,0.583
"13:33:28.000000",1.928,0.941,0.584
"13:33:28.200000",1.927,0.945,0.587
"13:33:28.400000",1.928,0.950,0.586
"13:33:28.600000",1.929,0.951,0.586
"13:33:28.800000",1.929,0.954,0.588
"13:33:29.000000",1.929,0.958,0.589
"13:33:29.200000",1.930,0.963,0.590
"13:33:29.400000",1.931,0.965,0.592
"13:33:29.600000",1.931,0.969,0.593
"13:33:29.800000",1.932,0.971,0.592
"13:33:30.000000",1.932,0.976,0.595
"13:33:30.200000",1.935,0.978,0.596
"13:33:30.400000",1.935,0.980,0.597
"13:33:30.600000",1.935,0.984,0.599
"13:33:30.800000",1.937,0.988,0.601
"13:33:31.000000",1.935,0.991,0.601
"13:33:31.200000",1.939,0.994,0.602
"13:33:31.400000",1.937,0.998,0.603
"13:33:31.600000",1.938,1.001,0.603
"13:33:31.800000",1.940,1.003,0.604
"13:33:32.000000",1.939,1.007,0.606
"13:33:32.200000",1.940,1.011,0.606
"13:33:32.400000",1.943,1.013,0.608
"13:33:32.600000",1.942,1.016,0.609
"13:33:32.800000",1.942,1.020,0.611
"13:33:33.000000",1.944,1.024,0.612
"13:33:33.200000",1.944,1.026,0.614
"13:33:33.400000",1.945,1.029,0.612
"13:33:33.600000",1.945,1.033,0.614
"13:33:33.800000",1.947,1.037,0.616
"13:33:34.000000",1.946,1.042,0.617
"13:33:34.200000",1.947,1.043,0.618
"13:33:34.400000",1.947,1.046,0.619
"13:33:34.600000",1.948,1.050,0.621
"13:33:34.800000",1.949,1.053,0.622
"13:33:35.000000",1.949,1.056,0.621
"13:33:35.200000",1.950,1.059,0.624
"13:33:35.400000",1.950,1.062,0.624
"13:33:35.600000",1.951,1.065,0.625
"13:33:35.800000",1.951,1.070,0.627
"13:33:36.000000",1.952,1.072,0.629
"13:33:36.200000",1.954,1.077,0.629
"13:33:36.400000",1.953,1.080,0.630
"13:33:36.600000",1.954,1.085,0.631
"13:33:36.800000",1.955,1.086,0.633
"13:33:37.000000",1.955,1.089,0.634
"13:33:37.200000",1.955,1.093,0.635
"13:33:37.400000",1.957,1.095,0.635
"13:33:37.600000",1.958,1.098,0.637
"13:33:37.800000",1.958,1.102,0.637
"13:33:38.000000",1.960,1.104,0.638
"13:33:38.200000",1.958,1.109,0.640
"13:33:38.400000",1.959,1.113,0.641
"13:33:38.600000",1.959,1.117,0.642
"13:33:38.800000",1.960,1.119,0.644
"13:33:39.000000",1.961,1.122,0.646
"13:33:39.200000",1.962,1.125,0.646
"13:33:39.400000",1.962,1.128,0.647
"13:33:39.600000",1.963,1.131,0.648
"13:33:39.800000",1.962,1.134,0.650
"13:33:40.000000",1.963,1.137,0.650
"13:33:40.200000",1.963,1.141,0.652
"13:33:40.400000",1.964,1.145,0.652
"13:33:40.600000",1.965,1.149,0.654
"13:33:40.800000",1.966,1.151,0.655
"13:33:41.000000",1.966,1.155,0.656
"13:33:41.200000",1.967,1.160,0.657
"13:33:41.400000",1.967,1.162,0.658
"13:33:41.600000",1.969,1.165,0.659
"13:33:41.800000",1.969,1.168,0.660
"13:33:42.000000",1.969,1.170,0.661
"13:33:42.200000",1.970,1.174,0.664
"13:33:42.400000",1.971,1.178,0.663
"13:33:42.600000",1.972,1.181,0.665
"13:33:42.800000",1.972,1.184,0.665
"13:33:43.000000",1.973,1.188,0.665
"13:33:43.200000",1.973,1.191,0.667
"13:33:43.400000",1.973,1.196,0.669
"13:33:43.600000",1.973,1.198,0.671
"13:33:43.800000",1.974,1.201,0.669
"13:33:44.000000",1.974,1.204,0.672
"13:33:44.200000",1.973,1.207,0.672
"13:33:44.400000",1.975,1.210,0.674
"13:33:44.600000",1.975,1.213,0.675
"13:33:44.800000",1.976,1.219,0.678
"13:33:45.000000",1.976,1.220,0.679
"13:33:45.200000",1.976,1.224,0.679
"13:33:45.400000",1.979,1.228,0.680
"13:33:45.600000",1.978,1.231,0.679
"13:33:45.800000",1.979,1.235,0.682
"13:33:46.000000",1.981,1.238,0.684
"13:33:46.200000",1.982,1.242,0.685
"13:33:46.400000",1.981,1.244,0.686
"13:33:46.600000",1.979,1.247,0.687
"13:33:46.800000",1.982,1.251,0.689
"13:33:47.000000",1.982,1.254,0.689
"13:33:47.200000",1.982,1.256,0.691
"13:33:47.400000",1.983,1.261,0.692
"13:33:47.600000",1.984,1.265,0.691
"13:33:47.800000",1.983,1.267,0.694
"13:33:48.000000",1.984,1.271,0.695
"13:33:48.200000",1.984,1.274,0.696
"13:33:48.400000",1.986,1.277,0.699
"13:33:48.600000",1.985,1.281,0.699
"13:33:48.800000",1.985,1.283,0.699
"13:33:49.000000",1.986,1.286,0.700
"13:33:49.200000",1.986,1.290,0.702
"13:33:49.400000",1.986,1.293,0.702
"13:33:49.600000",1.988,1.297,0.704
"13:33:49.800000",1.988,1.301,0.705
"13:33:50.000000",1.989,1.304,0.707
"13:33:50.200000",1.988,1.307,0.707
"13:33:50.400000",1.990,1.311,0.708
"13:33:50.600000",1.989,1.314,0.710
"13:33:50.800000",1.990,1.317,0.710
"13:33:51.000000",1.991,1.320,0.712
"13:33:51.200000",1.991,1.324,0.714
"13:33:51.400000",1.992,1.327,0.714
"13:33:51.600000",1.991,1.330,0.715
"13:33:51.800000",1.992,1.332,0.716
"13:33:52.000000",1.994,1.337,0.717
"13:33:52.200000",1.994,1.341,0.717
"13:33:52.400000",1.995,1.344,0.718
"13:33:52.600000",1.994,1.348,0.720
"13:33:52.800000",1.995,1.351,0.721
"13:33:53.000000",1.995,1.354,0.723
"13:33:53.200000",1.996,1.357,0.725
"13:33:53.400000",1.996,1.361,0.725
"13:33:53.600000",1.996,1.363,0.726
"13:33:53.800000",1.997,1.366,0.727
"13:33:54.000000",1.997,1.371,0.729
"13:33:54.200000",1.997,1.374,0.729
"13:33:54.400000",1.997,1.378,0.729
"13:33:54.600000",1.999,1.382,0.730
"13:33:54.800000",1.998,1.385,0.731
"13:33:55.000000",1.999,1.389,0.734
"13:33:55.200000",1.998,1.392,0.736
"13:33:55.400000",2.000,1.394,0.736
"13:33:55.600000",1.999,1.397,0.738
"13:33:55.800000",2.001,1.401,0.739
"13:33:56.000000",2.002,1.405,0.740
"13:33:56.200000",2.001,1.407,0.740
"13:33:56.400000",2.001,1.411,0.740
"13:33:56.600000",2.002,1.414,0.742
"13:33:56.800000",2.004,1.419,0.744
"13:33:57.000000",2.004,1.422,0.744
"13:33:57.200000",2.005,1.426,0.748
"13:33:57.400000",2.003,1.428,0.748
"13:33:57.600000",2.005,1.432,0.747
"13:33:57.800000",2.004,1.434,0.749
"13:33:58.000000",2.006,1.438,0.750
"13:33:58.200000",2.005,1.442,0.751
"13:33:58.400000",2.006,1.445,0.753
"13:33:58.600000",2.007,1.449,0.754
"13:33:58.800000",2.006,1.451,0.755
"13:33:59.000000",2.007,1.455,0.756
"13:33:59.200000",2.007,1.458,0.759
"13:33:59.400000",2.007,1.462,0.757
"13:33:59.600000",2.007,1.466,0.759
"13:33:59.800000",2.008,1.469,0.759
"13:34:00.000000",2.010,1.473,0.760
"13:34:00.200000",2.008,1.476,0.764
"13:34:00.400000",2.009,1.479,0.764
"13:34:00.600000",2.009,1.483,0.766
"13:34:00.800000",2.011,1.485,0.766
"13:34:01.000000",2.009,1.489,0.766
"13:34:01.200000",2.010,1.492,0.768
"13:34:01.400000",2.010,1.495,0.769
"13:34:01.600000",2.011,1.500,0.769
"13:34:01.800000",2.013,1.504,0.771
"13:34:02.000000",2.012,1.503,0.772
"13:34:02.200000",2.012,1.510,0.774
"13:34:02.400000",2.012,1.513,0.775
"13:34:02.600000",2.013,1.517,0.775
"13:34:02.800000",2.014,1.519,0.777
"13:34:03.000000",2.013,1.522,0.779
"13:34:03.200000",2.014,1.526,0.779
"13:34:03.400000",2.016,1.530,0.781
"13:34:03.600000",2.015,1.533,0.781
"13:34:03.800000",2.016,1.536,0.784
"13:34:04.000000",2.016,1.541,0.782
"13:34:04.200000",2.016,1.543,0.784
"13:34:04.400000",2.016,1.547,0.785
"13:34:04.600000",2.016,1.551,0.787
"13:34:04.800000",2.018,1.555,0.788
"13:34:05.000000",2.018,1.558,0.789
"13:34:05.200000",2.018,1.560,0.789
"13:34:05.400000",2.018,1.562,0.793
"13:34:05.600000",2.018,1.567,0.792
"13:34:05.800000",2.018,1.571,0.795
"13:34:06.000000",2.018,1.575,0.795
"13:34:06.200000",2.018,1.579,0.796
"13:34:06.400000",2.020,1.582,0.796
"13:34:06.600000",2.018,1.586,0.797
"13:34:06.800000",2.020,1.589,0.800
"13:34:07.000000",2.020,1.593,0.799
"13:34:07.200000",2.021,1.596,0.802
"13:34:07.400000",2.022,1.598,0.803
"13:34:07.600000",2.021,1.601,0.803
"13:34:07.800000",2.020,1.605,0.805
"13:34:08.000000",2.022,1.609,0.807
"13:34:08.200000",2.021,1.613,0.806
"13:34:08.400000",2.023,1.616,0.808
"13:34:08.600000",2.022,1.620,0.809
"13:34:08.800000",2.022,1.623,0.811
"13:34:09.000000",2.022,1.626,0.811
"13:34:09.200000",2.022,1.630,0.813
"13:34:09.400000",2.023,1.633,0.813
"13:34:09.600000",2.024,1.636,0.816
"13:34:09.800000",2.026,1.639,0.816
"13:34:10.000000",2.024,1.641,0.817
"13:34:10.200000",2.025,1.646,0.817
"13:34:10.400000",2.024,1.650,0.819
"13:34:10.600000",2.025,1.654,0.820
"13:34:10.800000",2.025,1.656,0.821
"13:34:11.000000",2.027,1.661,0.821
"13:34:11.200000",2.026,1.665,0.824
"13:34:11.400000",2.028,1.669,0.824
"13:34:11.600000",2.029,1.671,0.826
"13:34:11.800000",2.029,1.674,0.826
"13:34:12.000000",2.027,1.678,0.828
"13:34:12.200000",2.028,1.681,0.830
"13:34:12.400000",2.029,1.685,0.829
"13:34:12.600000",2.028,1.688,0.832
"13:34:12.800000",2.028,1.691,0.831
"13:34:13.000000",2.028,1.695,0.836
"13:34:13.200000",2.029,1.699,0.834
"13:34:13.400000",2.029,1.703,0.836
"13:34:13.600000",2.029,1.707,0.836
"13:34:13.800000",2.029,1.709,0.839
"13:34:14.000000",2.030,1.713,0.839
"13:34:14.200000",2.030,1.716,0.841
"13:34:14.400000",2.029,1.719,0.843
"13:34:14.600000",2.030,1.722,0.841
"13:34:14.800000",2.031,1.725,0.844
"13:34:15.000000",2.033,1.729,0.844
"13:34:15.200000",2.031,1.732,0.846
"13:34:15.400000",2.031,1.737,0.847
"13:34:15.600000",2.032,1.740,0.847
"13:34:15.800000",2.032,1.744,0.849
"13:34:16.000000",2.033,1.748,0.851
"13:34:16.200000",2.033,1.750,0.851
"13:34:16.400000",2.033,1.754,0.852
"13:34:16.600000",2.033,1.757,0.854
"13:34:16.800000",2.034,1.760,0.855
"13:34:17.000000",2.034,1.763,0.856
"13:34:17.200000",2.034,1.767,0.857
"13:34:17.400000",2.034,1.770,0.858
"13:34:17.600000",2.035,1.774,0.859
"13:34:17.800000",2.033,1.778,0.860
"13:34:18.000000",2.035,1.783,0.862
"13:34:18.200000",2.036,1.786,0.861
"13:34:18.400000",2.036,1.789,0.864
"13:34:18.600000",2.037,1.792,0.865
"13:34:18.800000",2.037,1.796,0.866
"13:34:19.000000",2.036,1.798,0.867
"13:34:19.200000",2.036,1.802,0.867
"13:34:19.400000",2.036,1.805,0.869
"13:34:19.600000",2.037,1.809,0.870
"13:34:19.800000",2.036,1.812,0.871
"13:34:20.000000",2.035,1.816,0.873
"13:34:20.200000",2.037,1.820,0.874
"13:34:20.400000",2.038,1.823,0.874
"13:34:20.600000",2.038,1.827,0.875
"13:34:20.800000",2.037,1.832,0.876
"13:34:21.000000",2.038,1.834,0.879
"13:34:21.200000",2.038,1.836,0.880
"13:34:21.400000",2.038,1.840,0.881
"13:34:21.600000",2.038,1.844,0.879
"13:34:21.800000",2.040,1.847,0.881
"13:34:22.000000",2.039,1.851,0.885
"13:34:22.200000",2.040,1.854,0.884
"13:34:22.400000",2.040,1.857,0.886
"13:34:22.600000",2.041,1.862,0.887
"13:34:22.800000",2.041,1.866,0.888
"13:34:23.000000",2.041,1.869,0.889
"13:34:23.200000",2.041,1.872,0.890
"13:34:23.400000",2.043,1.875,0.891
"13:34:23.600000",2.042,1.879,0.894
"13:34:23.800000",2.042,1.882,0.894
"13:34:24.000000",2.043,1.886,0.895
"13:34:24.200000",2.043,1.890,0.894
"13:34:24.400000",2.042,1.892,0.896
"13:34:24.600000",2.044,1.897,0.898
"13:34:24.800000",2.042,1.900,0.899
"13:34:25.000000",2.043,1.904,0.899
"13:34:25.200000",2.042,1.908,0.902
"13:34:25.400000",2.044,1.911,0.902
"13:34:25.600000",2.044,1.915,0.903
"13:34:25.800000",2.043,1.918,0.905
"13:34:26.000000",2.044,1.922,0.906
"13:34:26.200000",2.044,1.924,0.907
"13:34:26.400000",2.043,1.928,0.907
"13:34:26.600000",2.044,1.931,0.910
"13:34:26.800000",2.044,1.935,0.911
"13:34:27.000000",2.044,1.939,0.911
"13:34:27.200000",2.045,1.943,0.913
"13:34:27.400000",2.045,1.946,0.912
"13:34:27.600000",2.045,1.950,0.916
"13:34:27.800000",2.045,1.954,0.916
"13:34:28.000000",2.046,1.956,0.918
"13:34:28.200000",2.046,1.960,0.919
"13:34:28.400000",2.046,1.962,0.919
"13:34:28.600000",2.045,1.966,0.919
"13:34:28.800000",2.046,1.970,0.922
"13:34:29.000000",2.046,1.973,0.922
"13:34:29.200000",2.047,1.977,0.924
"13:34:29.400000",2.048,1.981,0.924
"13:34:29.600000",2.047,1.985,0.926
"13:34:29.800000",2.047,1.989,0.926
"13:34:30.000000",2.047,1.992,0.928
"13:34:30.200000",2.048,1.996,0.928
"13:34:30.400000",2.047,1.999,0.931
"13:34:30.600000",2.049,2.001,0.932
"13:34:30.800000",2.050,2.006,0.931
"13:34:31.000000",2.048,2.009,0.934
"13:34:31.200000",2.050,2.012,0.935
"13:34:31.400000",2.048,2.016,0.936
"13:34:31.600000",2.048,2.020,0.937
"13:34:31.800000",2.048,2.023,0.940
"13:34:32.000000",2.049,2.028,0.939
"13:34:32.200000",2.049,2.031,0.940
"13:34:32.400000",2.050,2.035,0.940
"13:34:32.600000",2.048,2.038,0.942
"13:34:32.800000",2.050,2.042,0.944
"13:34:33.000000",2.050,2.044,0.945
"13:34:33.200000",2.049,2.048,0.945
"13:34:33.400000",2.050,2.051,0.947
"13:34:33.600000",2.051,2.053,0.948
"13:34:33.800000",2.050,2.059,0.949
"13:34:34.000000",2.051,2.062,0.950
"13:34:34.200000",2.051,2.067,0.953
"13:34:34.400000",2.050,2.069,0.953
"13:34:34.600000",2.052,2.074,0.953
"13:34:34.800000",2.050,2.076,0.955
"13:34:35.000000",2.052,2.080,0.955
"13:34:35.200000",2.052,2.084,0.958
"13:34:35.400000",2.050,2.086,0.958
"13:34:35.600000",2.054,2.090,0.958
"13:34:35.800000",2.053,2.093,0.960
"13:34:36.000000",2.052,2.097,0.961
"13:34:36.200000",2.052,2.101,0.963
"13:34:36.400000",2.052,2.104,0.964
"13:34:36.600000",2.053,2.108,0.964
"13:34:36.800000",2.053,2.113,0.967
"13:34:37.000000",2.052,2.116,0.966
"13:34:37.200000",2.054,2.120,0.967
"13:34:37.400000",2.052,2.121,0.969
"13:34:37.600000",2.054,2.125,0.969
"13:34:37.800000",2.054,2.129,0.972
"13:34:38.000000",2.053,2.133,0.973
"13:34:38.200000",2.053,2.136,0.973
"13:34:38.400000",2.055,2.140,0.974
"13:34:38.600000",2.053,2.144,0.976
"13:34:38.800000",2.055,2.147,0.977
"13:34:39.000000",2.054,2.151,0.980
"13:34:39.200000",2.055,2.155,0.978
"13:34:39.400000",2.055,2.158,0.979
"13:34:39.600000",2.055,2.161,0.982
"13:34:39.800000",2.054,2.163,0.982
"13:34:40.000000",2.054,2.169,0.982
"13:34:40.200000",2.055,2.171,0.984
"13:34:40.400000",2.055,2.174,0.986
"13:34:40.600000",2.054,2.178,0.987
"13:34:40.800000",2.055,2.183,0.987
"13:34:41.000000",2.056,2.186,0.988
"13:34:41.200000",2.056,2.190,0.991
"13:34:41.400000",2.056,2.194,0.990
"13:34:41.600000",2.055,2.197,0.992
"13:34:41.800000",2.057,2.201,0.994
"13:34:42.000000",2.057,2.204,0.995
"13:34:42.200000",2.057,2.207,0.997
"13:34:42.400000",2.056,2.211,0.997
"13:34:42.600000",2.057,2.215,0.998
"13:34:42.800000",2.057,2.218,0.999
"13:34:43.000000",2.057,2.221,1.000
"13:34:43.200000",2.056,2.225,1.001
"13:34:43.400000",2.057,2.229,1.003
"13:34:43.600000",2.057,2.234,1.002
"13:34:43.800000",2.058,2.236,1.006
"13:34:44.000000",2.057,2.241,1.005
"13:34:44.200000",2.057,2.244,1.006
"13:34:44.400000",2.055,2.247,1.008
"13:34:44.600000",2.057,2.250,1.010
"13:34:44.800000",2.057,2.253,1.010
"13:34:45.000000",2.058,2.257,1.010
"13:34:45.200000",2.058,2.262,1.011
"13:34:45.400000",2.058,2.264,1.013
"13:34:45.600000",2.058,2.268,1.016
"13:34:45.800000",2.057,2.272,1.016
"13:34:46.000000",2.058,2.277,1.017
"13:34:46.200000",2.058,2.280,1.017
"13:34:46.400000",2.059,2.283,1.019
"13:34:46.600000",2.059,2.286,1.021
"13:34:46.800000",2.058,2.290,1.023
"13:34:47.000000",2.058,2.292,1.023
"13:34:47.200000",2.059,2.296,1.023
"13:34:47.400000",2.059,2.300,1.025
"13:34:47.600000",2.060,2.304,1.025
"13:34:47.800000",2.059,2.307,1.029
"13:34:48.000000",2.060,2.312,1.027
"13:34:48.200000",2.059,2.315,1.029
"13:34:48.400000",2.061,2.320,1.029
"13:34:48.600000",2.060,2.323,1.031
"13:34:48.800000",2.061,2.326,1.031
"13:34:49.000000",2.060,2.329,1.034
"13:34:49.200000",2.061,2.333,1.034
"13:34:49.400000",2.061,2.336,1.036
"13:34:49.600000",2.060,2.339,1.038
"13:34:49.800000",2.060,2.343,1.040
"13:34:50.000000",2.060,2.347,1.040
"13:34:50.200000",2.059,2.350,1.040
"13:34:50.400000",2.060,2.354,1.041
"13:34:50.600000",2.060,2.358,1.042
"13:34:50.800000",2.060,2.361,1.043
"13:34:51.000000",2.061,2.366,1.042
"13:34:51.200000",2.060,2.369,1.046
"13:34:51.400000",2.061,2.372,1.047
"13:34:51.600000",2.060,2.375,1.048
"13:34:51.800000",2.061,2.378,1.049
"13:34:52.000000",2.061,2.382,1.050
"13:34:52.200000",2.061,2.386,1.051
"13:34:52.400000",2.062,2.389,1.052
"13:34:52.600000",2.061,2.394,1.053
"13:34:52.800000",2.061,2.397,1.055
"13:34:53.000000",2.061,2.402,1.057
"13:34:53.200000",2.061,2.405,1.056
"13:34:53.400000",2.062,2.408,1.057
"13:34:53.600000",2.061,2.412,1.059
"13:34:53.800000",2.061,2.415,1.059
"13:34:54.000000",2.062,2.418,1.061
"13:34:54.200000",2.063,2.422,1.061
"13:34:54.400000",2.061,2.425,1.065
"13:34:54.600000",2.065,2.429,1.063
"13:34:54.800000",2.063,2.433,1.065
"13:34:55.000000",2.061,2.438,1.068
"13:34:55.200000",2.061,2.442,1.067
"13:34:55.400000",2.063,2.445,1.069
"13:34:55.600000",2.062,2.448,1.070
"13:34:55.800000",2.062,2.453,1.072
"13:34:56.000000",2.063,2.455,1.072
"13:34:56.200000",2.063,2.458,1.075
"13:34:56.400000",2.063,2.461,1.076
"13:34:56.600000",2.063,2.465,1.076
"13:34:56.800000",2.063,2.470,1.076
"13:34:57.000000",2.063,2.472,1.080
"13:34:57.200000",2.064,2.477,1.079
"13:34:57.400000",2.063,2.481,1.080
"13:34:57.600000",2.064,2.485,1.082
"13:34:57.800000",2.063,2.489,1.082
"13:34:58.000000",2.063,2.492,1.084
"13:34:58.200000",2.063,2.495,1.085
"13:34:58.400000",2.063,2.499,1.087
"13:34:58.600000",2.063,2.502,1.086
"13:34:58.800000",2.063,2.505,1.088
"13:34:59.000000",2.065,2.508,1.089
"13:34:59.200000",2.064,2.512,1.089
"13:34:59.400000",2.064,2.517,1.091
"13:34:59.600000",2.065,2.521,1.092
"13:34:59.800000",2.063,2.523,1.094
"13:35:00.000000",2.064,2.528,1.095
"13:35:00.200000",2.064,2.531,1.096
"13:35:00.400000",2.064,2.535,1.098
"13:35:00.600000",2.063,2.539,1.098
"13:35:00.800000",2.065,2.542,1.099
"13:35:01.000000",2.064,2.545,1.100
"13:35:01.200000",2.065,2.549,1.100
"13:35:01.400000",2.066,2.553,1.102
"13:35:01.600000",2.065,2.556,1.104
"13:35:01.800000",2.065,2.560,1.104
"13:35:02.000000",2.065,2.564,1.107
"13:35:02.200000",2.063,2.568,1.106
"13:35:02.400000",2.065,2.572,1.108
"13:35:02.600000",2.066,2.575,1.109
"13:35:02.800000",2.065,2.579,1.110
"13:35:03.000000",2.065,2.581,1.112
"13:35:03.200000",2.065,2.587,1.111
"13:35:03.400000",2.066,2.589,1.114
"13:35:03.600000",2.064,2.593,1.115
"13:35:03.800000",2.065,2.596,1.115
"13:35:04.000000",2.065,2.600,1.117
"13:35:04.200000",2.065,2.604,1.118
"13:35:04.400000",2.065,2.609,1.118
"13:35:04.600000",2.064,2.611,1.120
"13:35:04.800000",2.065,2.616,1.121
"13:35:05.000000",2.065,2.620,1.123
"13:35:05.200000",2.065,2.623,1.123
"13:35:05.400000",2.065,2.626,1.125
"13:35:05.600000",2.065,2.629,1.125
"13:35:05.800000",2.065,2.632,1.128
"13:35:06.000000",2.065,2.636,1.128
"13:35:06.200000",2.066,2.640,1.130
"13:35:06.400000",2.066,2.643,1.132
"13:35:06.600000",2.065,2.648,1.132
"13:35:06.800000",2.066,2.652,1.132
"13:35:07.000000",2.065,2.655,1.134
"13:35:07.200000",2.067,2.660,1.135
"13:35:07.400000",2.065,2.662,1.136
"13:35:07.600000",2.066,2.667,1.136
"13:35:07.800000",2.065,2.670,1.138
"13:35:08.000000",2.067,2.672,1.140
"13:35:08.200000",2.065,2.677,1.140
"13:35:08.400000",2.066,2.681,1.140
"13:35:08.600000",2.066,2.684,1.144
"13:35:08.800000",2.066,2.688,1.144
"13:35:09.000000",2.067,2.692,1.145
"13:35:09.200000",2.065,2.697,1.146
"13:35:09.400000",2.065,2.700,1.148
"13:35:09.600000",2.066,2.703,1.147
"13:35:09.800000",2.065,2.707,1.149
"13:35:10.000000",2.066,2.711,1.149
"13:35:10.200000",2.065,2.714,1.151
"13:35:10.400000",2.066,2.718,1.153
"13:35:10.600000",2.067,2.720,1.154
"13:35:10.800000",2.065,2.725,1.154
"13:35:11.000000",2.067,2.729,1.155
"13:35:11.200000",2.066,2.733,1.157
"13:35:11.400000",2.067,2.737,1.157
"13:35:11.600000",2.067,2.741,1.159
"13:35:11.800000",2.065,2.744,1.159
"13:35:12.000000",2.066,2.748,1.162
"13:35:12.200000",2.067,2.751,1.162
"13:35:12.400000",2.067,2.755,1.163
"13:35:12.600000",2.067,2.758,1.165
"13:35:12.800000",2.066,2.762,1.166
"13:35:13.000000",2.067,2.765,1.167
"13:35:13.200000",2.067,2.769,1.167
"13:35:13.400000",2.067,2.772,1.170
"13:35:13.600000",2.067,2.777,1.170
"13:35:13.800000",2.067,2.782,1.172
"13:35:14.000000",2.067,2.785,1.172
"13:35:14.200000",2.065,2.788,1.173
"13:35:14.400000",2.067,2.792,1.174
"13:35:14.600000",2.067,2.795,1.175
"13:35:14.800000",2.067,2.799,1.176
"13:35:15.000000",2.067,2.801,1.177
"13:35:15.200000",2.065,2.806,1.179
"13:35:15.400000",2.066,2.809,1.179
"13:35:15.600000",2.067,2.813,1.181
"13:35:15.800000",2.067,2.817,1.181
"13:35:16.000000",2.067,2.821,1.183
"13:35:16.200000",2.067,2.826,1.185
"13:35:16.400000",2.067,2.829,1.185
"13:35:16.600000",2.067,2.832,1.187
"13:35:16.800000",2.068,2.836,1.187
"13:35:17.000000",2.067,2.840,1.188
"13:35:17.200000",2.067,2.843,1.190
"13:35:17.400000",2.066,2.846,1.192
"13:35:17.600000",2.066,2.850,1.192
"13:35:17.800000",2.066,2.853,1.193
"13:35:18.000000",2.067,2.857,1.196
"13:35:18.200000",2.066,2.861,1.195
"13:35:18.400000",2.067,2.865,1.196
"13:35:18.600000",2.067,2.870,1.198
"13:35:18.800000",2.068,2.873,1.198
"13:35:19.000000",2.067,2.876,1.200
"13:35:19.200000",2.067,2.880,1.201
"13:35:19.400000",2.068,2.883,1.202
"13:35:19.600000",2.069,2.887,1.202
"13:35:19.800000",2.069,2.890,1.206
"13:35:20.000000",2.067,2.893,1.206
"13:35:20.200000",2.067,2.898,1.208
"13:35:20.400000",2.067,2.902,1.207
"13:35:20.600000",2.067,2.906,1.209
"13:35:20.800000",2.067,2.911,1.212
"13:35:21.000000",2.067,2.914,1.212
"13:35:21.200000",2.067,2.918,1.213
"13:35:21.400000",2.066,2.921,1.212
"13:35:21.600000",2.067,2.924,1.214
"13:35:21.800000",2.067,2.928,1.215
"13:35:22.000000",2.067,2.931,1.217
"13:35:22.200000",2.067,2.934,1.217
"13:35:22.400000",2.066,2.938,1.218
"13:35:22.600000",2.069,2.941,1.220
"13:35:22.800000",2.068,2.946,1.222
"13:35:23.000000",2.067,2.950,1.222
"13:35:23.200000",2.067,2.954,1.223
"13:35:23.400000",2.067,2.958,1.225
"13:35:23.600000",2.067,2.962,1.226
"13:35:23.800000",2.067,2.964,1.227
"13:35:24.000000",2.067,2.968,1.228
"13:35:24.200000",2.067,2.971,1.229
"13:35:24.400000",2.067,2.975,1.230
"13:35:24.600000",2.068,2.979,1.231
"13:35:24.800000",2.065,2.983,1.232
"13:35:25.000000",2.067,2.986,1.233
"13:35:25.200000",2.067,2.990,1.235
"13:35:25.400000",2.068,2.994,1.236
"13:35:25.600000",2.067,2.997,1.238
"13:35:25.800000",2.068,3.003,1.237
"13:35:26.000000",2.068,3.005,1.241
"13:35:26.200000",2.067,3.009,1.239
"13:35:26.400000",2.067,3.011,1.242
"13:35:26.600000",2.067,3.016,1.243
"13:35:26.800000",2.067,3.019,1.243
"13:35:27.000000",2.067,3.023,1.245
"13:35:27.200000",2.066,3.026,1.246
"13:35:27.400000",2.067,3.030,1.247
"13:35:27.600000",2.066,3.035,1.248
"13:35:27.800000",2.067,3.039,1.249
"13:35:28.000000",2.068,3.043,1.252
"13:35:28.200000",2.067,3.047,1.250
"13:35:28.400000",2.068,3.050,1.252
"13:35:28.600000",2.066,3.054,1.254
"13:35:28.800000",2.067,3.057,1.254
"13:35:29.000000",2.066,3.059,1.256
"13:35:29.200000",2.067,3.063,1.258
"13:35:29.400000",2.068,3.067,1.258
"13:35:29.600000",2.068,3.071,1.258
"13:35:29.800000",2.068,3.075,1.261
"13:35:30.000000",2.067,3.078,1.261
"13:35:30.200000",2.067,3.083,1.262
"13:35:30.400000",2.067,3.087,1.263
"13:35:30.600000",2.067,3.090,1.263
"13:35:30.800000",2.069,3.093,1.268
"13:35:31.000000",2.067,3.098,1.267
"13:35:31.200000",2.067,3.101,1.268
"13:35:31.400000",2.067,3.103,1.269
"13:35:31.600000",2.067,3.108,1.270
"13:35:31.800000",2.067,3.112,1.271
"13:35:32.000000",2.067,3.114,1.272
"13:35:32.200000",2.067,3.120,1.273
"13:35:32.400000",2.067,3.122,1.274
"13:35:32.600000",2.067,3.127,1.275
"13:35:32.800000",2.066,3.133,1.277
"13:35:33.000000",2.067,3.135,1.277
"13:35:33.200000",2.067,3.139,1.279
"13:35:33.400000",2.067,3.142,1.282
"13:35:33.600000",2.067,3.145,1.282
"13:35:33.800000",2.068,3.148,1.282
"13:35:34.000000",2.067,3.152,1.284
"13:35:34.200000",2.066,3.156,1.285
"13:35:34.400000",2.067,3.160,1.286
"13:35:34.600000",2.067,3.165,1.286
"13:35:34.800000",2.066,3.169,1.287
"13:35:35.000000",2.066,3.173,1.289
"13:35:35.200000",2.067,3.176,1.290
"13:35:35.400000",2.066,3.180,1.292
"13:35:35.600000",2.065,3.183,1.292
"13:35:35.800000",2.066,3.186,1.293
"13:35:36.000000",2.066,3.189,1.295
"13:35:36.200000",2.066,3.193,1.297
"13:35:36.400000",2.067,3.197,1.297
"13:35:36.600000",2.065,3.200,1.299
"13:35:36.800000",2.067,3.205,1.299
"13:35:37.000000",2.067,3.210,1.300
"13:35:37.200000",2.067,3.212,1.301
"13:35:37.400000",2.067,3.217,1.302
"13:35:37.600000",2.067,3.221,1.303
"13:35:37.800000",2.067,3.223,1.305
"13:35:38.000000",2.067,3.227,1.305
"13:35:38.200000",2.066,3.230,1.307
"13:35:38.400000",2.066,3.235,1.307
"13:35:38.600000",2.067,3.238,1.307
"13:35:38.800000",2.068,3.242,1.309
"13:35:39.000000",2.066,3.246,1.312
"13:35:39.200000",2.067,3.249,1.312
"13:35:39.400000",2.067,3.253,1.314
"13:35:39.600000",2.067,3.259,1.314
"13:35:39.800000",2.067,3.262,1.315
"13:35:40.000000",2.067,3.266,1.314
"13:35:40.200000",2.067,3.268,1.317
"13:35:40.400000",2.066,3.272,1.318
"13:35:40.600000",2.066,3.275,1.320
"13:35:40.800000",2.065,3.279,1.320
"13:35:41.000000",2.067,3.283,1.324
"13:35:41.200000",2.066,3.286,1.324
"13:35:41.400000",2.066,3.291,1.324
"13:35:41.600000",2.065,3.295,1.324
"13:35:41.800000",2.066,3.299,1.327
"13:35:42.000000",2.065,3.302,1.328
"13:35:42.200000",2.065,3.307,1.329
"13:35:42.400000",2.065,3.310,1.331
"13:35:42.600000",2.065,3.313,1.331
"13:35:42.800000",2.065,3.315,1.331
"13:35:43.000000",2.064,3.319,1.333
"13:35:43.200000",2.065,3.323,1.334
"13:35:43.400000",2.065,3.328,1.335
"13:35:43.600000",2.066,3.334,1.336
"13:35:43.800000",2.064,3.335,1.338
"13:35:44.000000",2.063,3.339,1.339
"13:35:44.200000",2.065,3.343,1.340
"13:35:44.400000",2.065,3.347,1.341
"13:35:44.600000",2.066,3.350,1.342
"13:35:44.800000",2.065,3.354,1.344
"13:35:45.000000",2.065,3.357,1.344
"13:35:45.200000",2.065,3.357,1.346
"13:35:45.400000",2.065,3.364,1.346
"13:35:45.600000",2.065,3.367,1.348
"13:35:45.800000",2.065,3.372,1.348
"13:35:46.000000",2.064,3.375,1.350
"13:35:46.200000",2.065,3.379,1.352
"13:35:46.400000",2.065,3.384,1.351
"13:35:46.600000",2.065,3.388,1.353
"13:35:46.800000",2.065,3.392,1.354
"13:35:47.000000",2.065,3.395,1.357
"13:35:47.200000",2.064,3.399,1.357
"13:35:47.400000",2.064,3.402,1.357
"13:35:47.600000",2.065,3.405,1.358
"13:35:47.800000",2.064,3.409,1.359
"13:35:48.000000",2.063,3.413,1.361
"13:35:48.200000",2.063,3.416,1.363
"13:35:48.400000",2.065,3.421,1.363
"13:35:48.600000",2.063,3.424,1.364
"13:35:48.800000",2.063,3.427,1.365
"13:35:49.000000",2.064,3.432,1.367
"13:35:49.200000",2.065,3.436,1.367
"13:35:49.400000",2.065,3.438,1.369
"13:35:49.600000",2.065,3.442,1.369
"13:35:49.800000",2.063,3.445,1.371
"13:35:50.000000",2.063,3.448,1.370
"13:35:50.200000",2.063,3.452,1.374
"13:35:50.400000",2.063,3.456,1.374
"13:35:50.600000",2.065,3.461,1.376
"13:35:50.800000",2.063,3.465,1.376
"13:35:51.000000",2.063,3.468,1.379
"13:35:51.200000",2.063,3.472,1.379
"13:35:51.400000",2.065,3.476,1.380
"13:35:51.600000",2.063,3.480,1.383
"13:35:51.800000",2.063,3.482,1.384
"13:35:52.000000",2.062,3.487,1.384
"13:35:52.200000",2.065,3.488,1.383
"13:35:52.400000",2.063,3.492,1.386
"13:35:52.600000",2.064,3.496,1.385
"13:35:52.800000",2.063,3.500,1.387
"13:35:53.000000",2.063,3.504,1.389
"13:35:53.200000",2.063,3.508,1.391
"13:35:53.400000",2.063,3.511,1.391
"13:35:53.600000",2.061,3.515,1.393
"13:35:53.800000",2.062,3.514,1.394
"13:35:54.000000",2.063,3.516,1.394
"13:35:54.200000",2.061,3.517,1.395
"13:35:54.400000",2.062,3.519,1.397
"13:35:54.600000",2.061,3.522,1.397
"13:35:54.800000",2.061,3.525,1.399
"13:35:55.000000",2.062,3.528,1.398
"13:35:55.200000",2.061,3.532,1.402
"13:35:55.400000",2.062,3.536,1.403
"13:35:55.600000",2.062,3.538,1.404
"13:35:55.800000",2.061,3.542,1.405
"13:35:56.000000",2.061,3.544,1.406
"13:35:56.200000",2.062,3.546,1.406
"13:35:56.400000",2.061,3.550,1.408
"13:35:56.600000",2.063,3.553,1.409
"13:35:56.800000",2.062,3.556,1.410
"13:35:57.000000",2.062,3.559,1.412
"13:35:57.200000",2.063,3.561,1.412
"13:35:57.400000",2.061,3.565,1.413
"13:35:57.600000",2.061,3.569,1.415
"13:35:57.800000",2.061,3.572,1.415
"13:35:58.000000",2.060,3.575,1.418
"13:35:58.200000",2.062,3.578,1.418
"13:35:58.400000",2.061,3.581,1.419
"13:35:58.600000",2.061,3.585,1.421
"13:35:58.800000",2.061,3.587,1.421
"13:35:59.000000",2.060,3.590,1.423
"13:35:59.200000",2.061,3.591,1.423
"13:35:59.400000",2.059,3.594,1.424
"13:35:59.600000",2.060,3.597,1.425
"13:35:59.800000",2.059,3.600,1.427
"13:36:00.000000",2.060,3.603,1.429
"13:36:00.200000",2.059,3.607,1.429
"13:36:00.400000",2.059,3.611,1.431
"13:36:00.600000",2.060,3.613,1.430
"13:36:00.800000",2.059,3.614,1.433
"13:36:01.000000",2.059,3.618,1.433
"13:36:01.200000",2.059,3.620,1.435
"13:36:01.400000",2.059,3.621,1.437
"13:36:01.600000",2.058,3.625,1.438
"13:36:01.800000",2.059,3.627,1.438
"13:36:02.000000",2.059,3.630,1.438
"13:36:02.200000",2.059,3.632,1.441
"13:36:02.400000",2.060,3.636,1.441
"13:36:02.600000",2.058,3.640,1.442
"13:36:02.800000",2.061,3.640,1.443
"13:36:03.000000",2.059,3.645,1.444
"13:36:03.200000",2.058,3.647,1.446
"13:36:03.400000",2.061,3.649,1.446
"13:36:03.600000",2.058,3.651,1.448
"13:36:03.800000",2.060,3.655,1.449
"13:36:04.000000",2.059,3.658,1.450
"13:36:04.200000",2.059,3.660,1.453
"13:36:04.400000",2.058,3.664,1.453
"13:36:04.600000",2.060,3.668,1.453
"13:36:04.800000",2.057,3.669,1.455
"13:36:05.000000",2.059,3.673,1.455
"13:36:05.200000",2.058,3.675,1.457
"13:36:05.400000",2.058,3.678,1.458
"13:36:05.600000",2.057,3.681,1.458
"13:36:05.800000",2.058,3.683,1.460
"13:36:06.000000",2.057,3.684,1.460
"13:36:06.200000",2.057,3.688,1.463
"13:36:06.400000",2.057,3.690,1.464
"13:36:06.600000",2.058,3.691,1.461
"13:36:06.800000",2.055,3.695,1.465
"13:36:07.000000",2.057,3.698,1.468
"13:36:07.200000",2.057,3.699,1.468
"13:36:07.400000",2.057,3.703,1.469
"13:36:07.600000",2.057,3.705,1.470
"13:36:07.800000",2.056,3.707,1.471
"13:36:08.000000",2.057,3.709,1.471
"13:36:08.200000",2.057,3.711,1.472
"13:36:08.400000",2.058,3.713,1.476
"13:36:08.600000",2.057,3.716,1.476
"13:36:08.800000",2.057,3.718,1.475
"13:36:09.000000",2.057,3.722,1.479
"13:36:09.200000",2.057,3.726,1.479
"13:36:09.400000",2.055,3.728,1.481
"13:36:09.600000",2.056,3.731,1.481
"13:36:09.800000",2.057,3.733,1.483
"13:36:10.000000",2.057,3.736,1.483
"13:36:10.200000",2.055,3.737,1.486
"13:36:10.400000",2.056,3.739,1.485
"13:36:10.600000",2.056,3.742,1.487
"13:36:10.800000",2.054,3.745,1.489
"13:36:11.000000",2.055,3.747,1.489
"13:36:11.200000",2.057,3.748,1.489
"13:36:11.400000",2.055,3.752,1.491
"13:36:11.600000",2.055,3.754,1.491
"13:36:11.800000",2.055,3.756,1.494
"13:36:12.000000",2.054,3.758,1.495
"13:36:12.200000",2.055,3.760,1.496
"13:36:12.400000",2.054,3.762,1.496
"13:36:12.600000",2.054,3.765,1.498
"13:36:12.800000",2.053,3.766,1.499
"13:36:13.000000",2.054,3.767,1.500
"13:36:13.200000",2.055,3.769,1.501
"13:36:13.400000",2.053,3.771,1.502
"13:36:13.600000",2.054,3.775,1.504
"13:36:13.800000",2.052,3.776,1.506
"13:36:14.000000",2.053,3.779,1.506
"13:36:14.200000",2.054,3.780,1.508
"13:36:14.400000",2.054,3.781,1.507
"13:36:14.600000",2.054,3.782,1.510
"13:36:14.800000",2.052,3.784,1.510
"13:36:15.000000",2.054,3.786,1.511
"13:36:15.200000",2.053,3.787,1.513
"13:36:15.400000",2.052,3.788,1.513
"13:36:15.600000",2.054,3.790,1.515
"13:36:15.800000",2.053,3.792,1.517
"13:36:16.000000",2.053,3.795,1.516
"13:36:16.200000",2.051,3.797,1.518
"13:36:16.400000",2.053,3.799,1.518
"13:36:16.600000",2.052,3.800,1.521
"13:36:16.800000",2.054,3.802,1.521
"13:36:17.000000",2.052,3.795,1.524
"13:36:17.200000",2.052,3.794,1.523
"13:36:17.400000",2.053,3.795,1.524
"13:36:17.600000",2.051,3.795,1.526
"13:36:17.800000",2.052,3.796,1.527
"13:36:18.000000",2.052,3.795,1.528
"13:36:18.200000",2.051,3.799,1.530
"13:36:18.400000",2.052,3.801,1.530
"13:36:18.600000",2.050,3.803,1.530
"13:36:18.800000",2.052,3.805,1.532
"13:36:19.000000",2.050,3.806,1.534
"13:36:19.200000",2.052,3.807,1.534
"13:36:19.400000",2.051,3.809,1.536
"13:36:19.600000",2.051,3.810,1.537
"13:36:19.800000",2.050,3.812,1.539
"13:36:20.000000",2.048,3.815,1.539
"13:36:20.200000",2.050,3.816,1.539
"13:36:20.400000",2.051,3.818,1.541
"13:36:20.600000",2.050,3.820,1.543
"13:36:20.800000",2.050,3.822,1.542
"13:36:21.000000",2.050,3.825,1.545
"13:36:21.200000",2.049,3.827,1.545
"13:36:21.400000",2.050,3.829,1.547
"13:36:21.600000",2.050,3.830,1.549
"13:36:21.800000",2.050,3.831,1.548
"13:36:22.000000",2.050,3.833,1.550
"13:36:22.200000",2.050,3.835,1.552
"13:36:22.400000",2.050,3.838,1.552
"13:36:22.600000",2.050,3.840,1.553
"13:36:22.800000",2.049,3.842,1.553
"13:36:23.000000",2.050,3.844,1.554
"13:36:23.200000",2.049,3.847,1.558
"13:36:23.400000",2.049,3.848,1.558
"13:36:23.600000",2.048,3.850,1.559
"13:36:23.800000",2.048,3.852,1.562
"13:36:24.000000",2.050,3.853,1.560
"13:36:24.200000",2.048,3.855,1.564
"13:36:24.400000",2.048,3.857,1.562
"13:36:24.600000",2.048,3.859,1.564
"13:36:24.800000",2.048,3.860,1.565
"13:36:25.000000",2.047,3.863,1.565
"13:36:25.200000",2.048,3.866,1.567
"13:36:25.400000",2.047,3.868,1.570
"13:36:25.600000",2.047,3.872,1.570
"13:36:25.800000",2.048,3.874,1.571
"13:36:26.000000",2.048,3.875,1.572
"13:36:26.200000",2.048,3.877,1.573
"13:36:26.400000",2.048,3.879,1.573
"13:36:26.600000",2.048,3.880,1.576
"13:36:26.800000",2.047,3.882,1.575
"13:36:27.000000",2.046,3.885,1.577
"13:36:27.200000",2.046,3.887,1.579
"13:36:27.400000",2.047,3.890,1.581
"13:36:27.600000",2.047,3.892,1.583
"13:36:27.800000",2.047,3.895,1.581
"13:36:28.000000",2.046,3.897,1.583
"13:36:28.200000",2.046,3.899,1.586
"13:36:28.400000",2.045,3.902,1.585
"13:36:28.600000",2.046,3.904,1.588
"13:36:28.800000",2.046,3.905,1.589
"13:36:29.000000",2.046,3.906,1.590
"13:36:29.200000",2.046,3.908,1.590
"13:36:29.400000",2.045,3.911,1.592
"13:36:29.600000",2.046,3.912,1.589
"13:36:29.800000",2.046,3.914,1.594
"13:36:30.000000",2.046,3.918,1.593
"13:36:30.200000",2.045,3.921,1.596
"13:36:30.400000",2.045,3.923,1.596
"13:36:30.600000",2.044,3.925,1.597
"13:36:30.800000",2.046,3.926,1.599
"13:36:31.000000",2.043,3.927,1.599
"13:36:31.200000",2.044,3.929,1.601
"13:36:31.400000",2.044,3.932,1.601
"13:36:31.600000",2.044,3.934,1.603
"13:36:31.800000",2.043,3.935,1.605
"13:36:32.000000",2.044,3.938,1.607
"13:36:32.200000",2.044,3.940,1.608
"13:36:32.400000",2.043,3.942,1.607
"13:36:32.600000",2.043,3.945,1.609
"13:36:32.800000",2.042,3.947,1.609
"13:36:33.000000",2.042,3.948,1.613
"13:36:33.200000",2.043,3.951,1.611
"13:36:33.400000",2.043,3.952,1.613
"13:36:33.600000",2.043,3.952,1.614
"13:36:33.800000",2.043,3.955,1.616
"13:36:34.000000",2.043,3.957,1.618
"13:36:34.200000",2.043,3.959,1.617
"13:36:34.400000",2.042,3.962,1.620
"13:36:34.600000",2.044,3.965,1.620
"13:36:34.800000",2.043,3.966,1.621
"13:36:35.000000",2.043,3.970,1.622
"13:36:35.200000",2.040,3.970,1.624
"13:36:35.400000",2.042,3.973,1.625
"13:36:35.600000",2.042,3.976,1.626
"13:36:35.800000",2.041,3.977,1.626
"13:36:36.000000",2.041,3.979,1.630
"13:36:36.200000",2.042,3.980,1.629
"13:36:36.400000",2.040,3.983,1.631
"13:36:36.600000",2.042,3.985,1.631
"13:36:36.800000",2.042,3.987,1.632
"13:36:37.000000",2.042,3.990,1.633
"13:36:37.200000",2.040,3.992,1.635
"13:36:37.400000",2.041,3.994,1.635
"13:36:37.600000",2.041,3.994,1.636
"13:36:37.800000",2.040,3.994,1.637
"13:36:38.000000",2.039,3.994,1.639
"13:36:38.200000",2.040,3.996,1.639
"13:36:38.400000",2.040,3.997,1.641
"13:36:38.600000",2.039,3.998,1.643
"13:36:38.800000",2.039,4.000,1.641
"13:36:39.000000",2.039,4.003,1.643
"13:36:39.200000",2.039,4.003,1.646
"13:36:39.400000",2.038,4.006,1.646
"13:36:39.600000",2.039,4.008,1.648
"13:36:39.800000",2.039,4.010,1.650
"13:36:40.000000",2.039,4.011,1.650
"13:36:40.200000",2.037,4.012,1.650
"13:36:40.400000",2.038,4.013,1.652
"13:36:40.600000",2.038,4.015,1.654
"13:36:40.800000",2.039,4.017,1.655
"13:36:41.000000",2.038,4.019,1.658
"13:36:41.200000",2.039,4.022,1.656
"13:36:41.400000",2.039,4.025,1.658
"13:36:41.600000",2.038,4.026,1.658
"13:36:41.800000",2.037,4.028,1.661
"13:36:42.000000",2.037,4.028,1.660
"13:36:42.200000",2.037,4.028,1.663
"13:36:42.400000",2.035,4.030,1.663
"13:36:42.600000",2.038,4.030,1.664
"13:36:42.800000",2.037,4.031,1.666
"13:36:43.000000",2.037,4.033,1.667
"13:36:43.200000",2.037,4.033,1.667
"13:36:43.400000",2.036,4.035,1.668
"13:36:43.600000",2.035,4.037,1.669
"13:36:43.800000",2.035,4.039,1.671
"13:36:44.000000",2.035,4.041,1.672
"13:36:44.200000",2.036,4.043,1.674
"13:36:44.400000",2.035,4.045,1.675
"13:36:44.600000",2.035,4.045,1.676
"13:36:44.800000",2.035,4.046,1.676
"13:36:45.000000",2.035,4.048,1.678
"13:36:45.200000",2.034,4.047,1.680
"13:36:45.400000",2.035,4.049,1.679
"13:36:45.600000",2.035,4.049,1.681
"13:36:45.800000",2.035,4.052,1.682
"13:36:46.000000",2.034,4.054,1.683
"13:36:46.200000",2.033,4.054,1.684
"13:36:46.400000",2.034,4.057,1.686
"13:36:46.600000",2.034,4.058,1.685
"13:36:46.800000",2.034,4.060,1.688
"13:36:47.000000",2.033,4.061,1.690
"13:36:47.200000",2.034,4.062,1.690
"13:36:47.400000",2.035,4.064,1.690
"13:36:47.600000",2.033,4.064,1.693
"13:36:47.800000",2.034,4.066,1.693
"13:36:48.000000",2.032,4.069,1.695
"13:36:48.200000",2.032,4.071,1.695
"13:36:48.400000",2.033,4.073,1.697
"13:36:48.600000",2.031,4.075,1.697
"13:36:48.800000",2.032,4.075,1.699
"13:36:49.000000",2.032,4.077,1.702
"13:36:49.200000",2.031,4.079,1.701
"13:36:49.400000",2.033,4.080,1.701
"13:36:49.600000",2.030,4.081,1.704
"13:36:49.800000",2.030,4.082,1.705
"13:36:50.000000",2.031,4.084,1.705
"13:36:50.200000",2.030,4.086,1.708
"13:36:50.400000",2.030,4.086,1.708
"13:36:50.600000",2.031,4.086,1.708
"13:36:50.800000",2.030,4.087,1.710
"13:36:51.000000",2.029,4.087,1.711
"13:36:51.200000",2.030,4.086,1.714
"13:36:51.400000",2.029,4.087,1.714
"13:36:51.600000",2.029,4.085,1.716
"13:36:51.800000",2.030,4.080,1.715
"13:36:52.000000",2.028,4.076,1.716
"13:36:52.200000",2.029,4.074,1.718
"13:36:52.400000",2.029,4.072,1.718
"13:36:52.600000",2.030,4.071,1.720
"13:36:52.800000",2.029,4.071,1.721
"13:36:53.000000",2.030,4.071,1.720
"13:36:53.200000",2.029,4.071,1.723
"13:36:53.400000",2.027,4.069,1.724
"13:36:53.600000",2.027,4.069,1.725
"13:36:53.800000",2.028,4.069,1.726
"13:36:54.000000",2.028,4.067,1.727
"13:36:54.200000",2.029,4.067,1.728
"13:36:54.400000",2.027,4.068,1.730
"13:36:54.600000",2.027,4.066,1.731
"13:36:54.800000",2.028,4.068,1.731
"13:36:55.000000",2.028,4.069,1.733
"13:36:55.200000",2.025,4.070,1.734
"13:36:55.400000",2.027,4.070,1.735
"13:36:55.600000",2.027,4.070,1.734
"13:36:55.800000",2.024,4.070,1.738
"13:36:56.000000",2.026,4.070,1.738
"13:36:56.200000",2.025,4.070,1.740
"13:36:56.400000",2.026,4.070,1.740
"13:36:56.600000",2.025,4.069,1.742
"13:36:56.800000",2.025,4.070,1.743
"13:36:57.000000",2.026,4.070,1.745
"13:36:57.200000",2.025,4.070,1.745
"13:36:57.400000",2.024,4.073,1.746
"13:36:57.600000",2.024,4.074,1.748
"13:36:57.800000",2.025,4.074,1.746
"13:36:58.000000",2.024,4.074,1.750
"13:36:58.200000",2.024,4.073,1.751
"13:36:58.400000",2.024,4.073,1.753
"13:36:58.600000",2.024,4.073,1.753
"13:36:58.800000",2.024,4.073,1.754
"13:36:59.000000",2.024,4.073,1.755
"13:36:59.200000",2.022,4.073,1.757
"13:36:59.400000",2.023,4.073,1.758
"13:36:59.600000",2.024,4.075,1.760
"13:36:59.800000",2.023,4.075,1.761
"13:37:00.000000",2.023,4.073,1.761
"13:37:00.200000",2.022,4.073,1.762
"13:37:00.400000",2.023,4.073,1.763
"13:37:00.600000",2.022,4.071,1.764
"13:37:00.800000",2.022,4.071,1.765
"13:37:01.000000",2.022,4.071,1.768
"13:37:01.200000",2.021,4.071,1.769
"13:37:01.400000",2.022,4.070,1.770
"13:37:01.600000",2.022,4.070,1.770
"13:37:01.800000",2.020,4.071,1.770
"13:37:02.000000",2.019,4.071,1.772
"13:37:02.200000",2.020,4.071,1.773
"13:37:02.400000",2.020,4.071,1.775
"13:37:02.600000",2.020,4.071,1.776
"13:37:02.800000",2.018,4.071,1.777
"13:37:03.000000",2.019,4.070,1.778
"13:37:03.200000",2.020,4.070,1.778
"13:37:03.400000",2.019,4.068,1.780
"13:37:03.600000",2.019,4.070,1.781
"13:37:03.800000",2.019,4.069,1.783
"13:37:04.000000",2.019,4.070,1.782
"13:37:04.200000",2.019,4.070,1.785
"13:37:04.400000",2.018,4.071,1.787
"13:37:04.600000",2.019,4.071,1.786
"13:37:04.800000",2.019,4.072,1.787
"13:37:05.000000",2.017,4.072,1.789
"13:37:05.200000",2.018,4.073,1.789
"13:37:05.400000",2.016,4.071,1.791
"13:37:05.600000",2.017,4.072,1.791
"13:37:05.800000",2.018,4.072,1.793
"13:37:06.000000",2.016,4.073,1.795
"13:37:06.200000",2.019,4.075,1.796
"13:37:06.400000",2.018,4.075,1.796
"13:37:06.600000",2.016,4.077,1.796
"13:37:06.800000",2.017,4.077,1.800
"13:37:07.000000",2.016,4.077,1.799
"13:37:07.200000",2.016,4.077,1.802
"13:37:07.400000",2.016,4.079,1.803
"13:37:07.600000",2.016,4.079,1.802
"13:37:07.800000",2.016,4.079,1.804
"13:37:08.000000",2.015,4.079,1.807
"13:37:08.200000",2.016,4.080,1.806
"13:37:08.400000",2.015,4.080,1.808
"13:37:08.600000",2.015,4.084,1.811
"13:37:08.800000",2.015,4.083,1.810
"13:37:09.000000",2.014,4.084,1.810
"13:37:09.200000",2.014,4.084,1.811
"13:37:09.400000",2.014,4.084,1.813
"13:37:09.600000",2.015,4.084,1.814
"13:37:09.800000",2.012,4.084,1.816
"13:37:10.000000",2.014,4.084,1.817
"13:37:10.200000",2.013,4.084,1.820
"13:37:10.400000",2.012,4.085,1.819
"13:37:10.600000",2.013,4.085,1.819
"13:37:10.800000",2.013,4.086,1.820
"13:37:11.000000",2.012,4.086,1.822
"13:37:11.200000",2.012,4.087,1.823
"13:37:11.400000",2.012,4.087,1.825
"13:37:11.600000",2.014,4.087,1.824
"13:37:11.800000",2.012,4.087,1.827
"13:37:12.000000",2.012,4.086,1.827
"13:37:12.200000",2.012,4.086,1.829
"13:37:12.400000",2.011,4.085,1.830
"13:37:12.600000",2.012,4.084,1.832
"13:37:12.800000",2.011,4.086,1.831
"13:37:13.000000",2.012,4.086,1.832
"13:37:13.200000",2.010,4.086,1.835
"13:37:13.400000",2.010,4.086,1.835
"13:37:13.600000",2.010,4.085,1.836
"13:37:13.800000",2.010,4.079,1.838
"13:37:14.000000",2.009,4.075,1.839
"13:37:14.200000",2.009,4.071,1.840
"13:37:14.400000",2.009,4.068,1.841
"13:37:14.600000",2.008,4.064,1.841
"13:37:14.800000",2.008,4.058,1.843
"13:37:15.000000",2.009,4.016,1.844
"13:37:15.200000",2.008,4.011,1.847
"13:37:15.400000",2.006,4.009,1.846
"13:37:15.600000",2.009,4.007,1.847
"13:37:15.800000",2.007,4.004,1.847
"13:37:16.000000",2.007,4.003,1.851
"13:37:16.200000",2.007,4.003,1.852
"13:37:16.400000",2.007,4.001,1.853
"13:37:16.600000",2.006,3.999,1.853
"13:37:16.800000",2.006,3.998,1.855
"13:37:17.000000",2.008,3.997,1.854
"13:37:17.200000",2.006,3.997,1.857
"13:37:17.400000",2.005,3.997,1.858
"13:37:17.600000",2.006,3.997,1.859
"13:37:17.800000",2.004,3.997,1.861
"13:37:18.000000",2.006,3.997,1.860
"13:37:18.200000",2.005,3.996,1.862
"13:37:18.400000",2.005,3.995,1.863
"13:37:18.600000",2.005,3.996,1.863
"13:37:18.800000",2.004,3.994,1.866
"13:37:19.000000",2.005,3.994,1.866
"13:37:19.200000",2.005,3.994,1.869
"13:37:19.400000",2.003,3.992,1.868
"13:37:19.600000",2.005,3.992,1.868
"13:37:19.800000",2.004,3.992,1.871
"13:37:20.000000",2.003,3.992,1.872
"13:37:20.200000",2.003,3.992,1.872
"13:37:20.400000",2.001,3.992,1.875
"13:37:20.600000",2.004,3.992,1.876
"13:37:20.800000",2.003,3.992,1.876
"13:37:21.000000",2.002,3.990,1.877
"13:37:21.200000",2.003,3.989,1.879
"13:37:21.400000",2.001,3.988,1.880
"13:37:21.600000",2.001,3.987,1.881
"13:37:21.800000",2.002,3.988,1.881
"13:37:22.000000",2.001,3.987,1.884
"13:37:22.200000",2.001,3.987,1.885
"13:37:22.400000",2.001,3.988,1.884
"13:37:22.600000",2.001,3.987,1.887
"13:37:22.800000",2.000,3.987,1.887
"13:37:23.000000",2.001,3.986,1.890
"13:37:23.200000",1.999,3.985,1.890
"13:37:23.400000",2.000,3.983,1.891
"13:37:23.600000",2.000,3.984,1.892
"13:37:23.800000",1.999,3.983,1.893
"13:37:24.000000",2.000,3.982,1.894
"13:37:24.200000",1.999,3.983,1.894
"13:37:24.400000",1.999,3.982,1.896
"13:37:24.600000",1.999,3.982,1.898
"13:37:24.800000",1.998,3.981,1.899
"13:37:25.000000",1.998,3.983,1.900
"13:37:25.200000",1.998,3.981,1.902
"13:37:25.400000",1.997,3.980,1.902
"13:37:25.600000",1.997,3.979,1.904
"13:37:25.800000",1.997,3.979,1.904
"13:37:26.000000",1.997,3.977,1.906
"13:37:26.200000",1.997,3.978,1.907
"13:37:26.400000",1.998,3.978,1.908
"13:37:26.600000",1.997,3.977,1.909
"13:37:26.800000",1.995,3.979,1.909
"13:37:27.000000",1.996,3.977,1.910
"13:37:27.200000",1.996,3.977,1.913
"13:37:27.400000",1.994,3.977,1.912
"13:37:27.600000",1.995,3.975,1.915
"13:37:27.800000",1.994,3.975,1.917
"13:37:28.000000",1.994,3.973,1.916
"13:37:28.200000",1.994,3.974,1.919
"13:37:28.400000",1.993,3.973,1.919
"13:37:28.600000",1.993,3.971,1.920
"13:37:28.800000",1.994,3.972,1.921
"13:37:29.000000",1.994,3.971,1.922
"13:37:29.200000",1.992,3.971,1.924
"13:37:29.400000",1.991,3.971,1.926
"13:37:29.600000",1.993,3.970,1.926
"13:37:29.800000",1.992,3.970,1.927
"13:37:30.000000",1.991,3.968,1.927
"13:37:30.200000",1.992,3.966,1.930
"13:37:30.400000",1.992,3.965,1.930
"13:37:30.600000",1.991,3.964,1.932
"13:37:30.800000",1.992,3.964,1.932
"13:37:31.000000",1.991,3.963,1.932
"13:37:31.200000",1.989,3.963,1.935
"13:37:31.400000",1.990,3.963,1.935
"13:37:31.600000",1.988,3.962,1.937
"13:37:31.800000",1.990,3.962,1.937
"13:37:32.000000",1.990,3.961,1.940
"13:37:32.200000",1.990,3.957,1.939
"13:37:32.400000",1.987,3.959,1.941
"13:37:32.600000",1.988,3.957,1.943
"13:37:32.800000",1.988,3.957,1.942
"13:37:33.000000",1.988,3.957,1.945
"13:37:33.200000",1.988,3.957,1.944
"13:37:33.400000",1.988,3.957,1.945
"13:37:33.600000",1.986,3.956,1.947
"13:37:33.800000",1.987,3.956,1.949
"13:37:34.000000",1.985,3.955,1.949
"13:37:34.200000",1.985,3.955,1.950
"13:37:34.400000",1.985,3.954,1.952
"13:37:34.600000",1.986,3.953,1.953
"13:37:34.800000",1.984,3.953,1.954
"13:37:35.000000",1.985,3.951,1.955
"13:37:35.200000",1.984,3.951,1.958
"13:37:35.400000",1.983,3.951,1.956
"13:37:35.600000",1.983,3.951,1.958
"13:37:35.800000",1.984,3.951,1.959
"13:37:36.000000",1.983,3.950,1.960
"13:37:36.200000",1.984,3.949,1.960
"13:37:36.400000",1.984,3.950,1.965
"13:37:36.600000",1.984,3.949,1.964
"13:37:36.800000",1.983,3.948,1.964
"13:37:37.000000",1.983,3.947,1.967
"13:37:37.200000",1.982,3.946,1.967
"13:37:37.400000",1.982,3.946,1.969
"13:37:37.600000",1.983,3.945,1.971
"13:37:37.800000",1.981,3.945,1.971
"13:37:38.000000",1.980,3.946,1.972
"13:37:38.200000",1.980,3.944,1.973
"13:37:38.400000",1.979,3.944,1.975
"13:37:38.600000",1.978,3.944,1.975
"13:37:38.800000",1.979,3.942,1.977
"13:37:39.000000",1.979,3.942,1.978
"13:37:39.200000",1.979,3.941,1.978
"13:37:39.400000",1.976,3.940,1.980
"13:37:39.600000",1.977,3.940,1.981
"13:37:39.800000",1.977,3.939,1.980
"13:37:40.000000",1.978,3.939,1.983
"13:37:40.200000",1.977,3.939,1.983
"13:37:40.400000",1.977,3.940,1.987
"13:37:40.600000",1.976,3.939,1.986
"13:37:40.800000",1.975,3.939,1.988
"13:37:41.000000",1.976,3.938,1.989
"13:37:41.200000",1.975,3.938,1.990
"13:37:41.400000",1.975,3.936,1.992
"13:37:41.600000",1.976,3.936,1.991
"13:37:41.800000",1.975,3.935,1.994
"13:37:42.000000",1.974,3.936,1.993
"13:37:42.200000",1.973,3.935,1.997
"13:37:42.400000",1.973,3.935,1.996
"13:37:42.600000",1.973,3.934,1.999
"13:37:42.800000",1.973,3.935,1.999
"13:37:43.000000",1.973,3.934,1.999
"13:37:43.200000",1.973,3.933,2.000
"13:37:43.400000",1.973,3.932,2.001
"13:37:43.600000",1.971,3.931,2.001
"13:37:43.800000",1.971,3.932,2.004
"13:37:44.000000",1.971,3.929,2.005
"13:37:44.200000",1.970,3.929,2.006
"13:37:44.400000",1.969,3.929,2.006
"13:37:44.600000",1.971,3.929,2.007
"13:37:44.800000",1.969,3.929,2.009
"13:37:45.000000",1.969,3.929,2.010
"13:37:45.200000",1.968,3.929,2.012
"13:37:45.400000",1.968,3.929,2.012
"13:37:45.600000",1.966,3.927,2.014
"13:37:45.800000",1.967,3.926,2.015
"13:37:46.000000",1.968,3.926,2.015
"13:37:46.200000",1.967,3.925,2.018
"13:37:46.400000",1.967,3.924,2.016
"13:37:46.600000",1.967,3.925,2.019
"13:37:46.800000",1.965,3.925,2.021
"13:37:47.000000",1.964,3.925,2.022
"13:37:47.200000",1.964,3.924,2.024
"13:37:47.400000",1.963,3.923,2.023
"13:37:47.600000",1.965,3.924,2.025
"13:37:47.800000",1.964,3.923,2.026
"13:37:48.000000",1.964,3.922,2.028
"13:37:48.200000",1.963,3.921,2.029
"13:37:48.400000",1.963,3.921,2.029
"13:37:48.600000",1.962,3.921,2.030
"13:37:48.800000",1.963,3.921,2.031
"13:37:49.000000",1.962,3.921,2.032
"13:37:49.200000",1.961,3.921,2.033
"13:37:49.400000",1.962,3.919,2.034
"13:37:49.600000",1.961,3.920,2.036
"13:37:49.800000",1.960,3.920,2.037
"13:37:50.000000",1.960,3.919,2.039
"13:37:50.200000",1.960,3.919,2.039
"13:37:50.400000",1.960,3.917,2.042
"13:37:50.600000",1.960,3.916,2.041
"13:37:50.800000",1.960,3.917,2.043
"13:37:51.000000",1.959,3.915,2.044
"13:37:51.200000",1.958,3.916,2.045
"13:37:51.400000",1.958,3.916,2.046
"13:37:51.600000",1.957,3.916,2.048
"13:37:51.800000",1.957,3.915,2.048
"13:37:52.000000",1.958,3.915,2.051
"13:37:52.200000",1.957,3.914,2.050
"13:37:52.400000",1.955,3.914,2.052
"13:37:52.600000",1.954,3.913,2.054
"13:37:52.800000",1.955,3.912,2.053
"13:37:53.000000",1.955,3.911,2.055
"13:37:53.200000",1.954,3.910,2.056
"13:37:53.400000",1.954,3.912,2.057
"13:37:53.600000",1.954,3.911,2.059
"13:37:53.800000",1.953,3.911,2.060
"13:37:54.000000",1.953,3.909,2.061
"13:37:54.200000",1.953,3.909,2.061
"13:37:54.400000",1.952,3.908,2.063
"13:37:54.600000",1.952,3.908,2.065
"13:37:54.800000",1.952,3.906,2.065
"13:37:55.000000",1.952,3.906,2.065
"13:37:55.200000",1.951,3.904,2.067
"13:37:55.400000",1.951,3.904,2.067
"13:37:55.600000",1.951,3.904,2.070
"13:37:55.800000",1.949,3.904,2.071
"13:37:56.000000",1.951,3.902,2.071
"13:37:56.200000",1.949,3.902,2.074
"13:37:56.400000",1.948,3.902,2.074
"13:37:56.600000",1.948,3.902,2.074
"13:37:56.800000",1.948,3.900,2.077
"13:37:57.000000",1.947,3.899,2.078
"13:37:57.200000",1.947,3.899,2.079
"13:37:57.400000",1.947,3.897,2.079
"13:37:57.600000",1.945,3.897,2.080
"13:37:57.800000",1.946,3.897,2.081
"13:37:58.000000",1.945,3.897,2.081
"13:37:58.200000",1.943,3.897,2.084
"13:37:58.400000",1.943,3.898,2.085
"13:37:58.600000",1.942,3.897,2.083
"13:37:58.800000",1.945,3.897,2.086
"13:37:59.000000",1.943,3.895,2.089
"13:37:59.200000",1.943,3.893,2.090
"13:37:59.400000",1.941,3.895,2.092
"13:37:59.600000",1.942,3.893,2.092
"13:37:59.800000",1.941,3.893,2.089
"13:38:00.000000",1.941,3.893,2.093
"13:38:00.200000",1.941,3.893,2.094
"13:38:00.400000",1.940,3.894,2.096
"13:38:00.600000",1.939,3.893,2.097
"13:38:00.800000",1.939,3.893,2.099
"13:38:01.000000",1.939,3.893,2.098
"13:38:01.200000",1.937,3.892,2.100
"13:38:01.400000",1.939,3.893,2.101
"13:38:01.600000",1.937,3.891,2.102
"13:38:01.800000",1.937,3.890,2.104
"13:38:02.000000",1.935,3.890,2.105
"13:38:02.200000",1.937,3.891,2.106
"13:38:02.400000",1.936,3.889,2.106
"13:38:02.600000",1.935,3.889,2.108
"13:38:02.800000",1.934,3.890,2.110
"13:38:03.000000",1.935,3.889,2.110
"13:38:03.200000",1.934,3.889,2.111
"13:38:03.400000",1.935,3.889,2.112
"13:38:03.600000",1.933,3.889,2.114
"13:38:03.800000",1.932,3.887,2.113
"13:38:04.000000",1.932,3.887,2.115
"13:38:04.200000",1.931,3.888,2.117
"13:38:04.400000",1.932,3.887,2.119
"13:38:04.600000",1.930,3.887,2.120
"13:38:04.800000",1.930,3.888,2.121
"13:38:05.000000",1.930,3.887,2.123
"13:38:05.200000",1.928,3.887,2.124
"13:38:05.400000",1.928,3.887,2.123
"13:38:05.600000",1.928,3.887,2.125
"13:38:05.800000",1.926,3.884,2.125
"13:38:06.000000",1.928,3.884,2.125
"13:38:06.200000",1.926,3.884,2.127
"13:38:06.400000",1.926,3.884,2.130
"13:38:06.600000",1.924,3.884,2.130
"13:38:06.800000",1.924,3.885,2.132
"13:38:07.000000",1.924,3.885,2.132
"13:38:07.200000",1.924,3.885,2.134
"13:38:07.400000",1.924,3.884,2.134
"13:38:07.600000",1.924,3.885,2.136
"13:38:07.800000",1.923,3.884,2.136
"13:38:08.000000",1.922,3.882,2.138
"13:38:08.200000",1.922,3.883,2.139
"13:38:08.400000",1.922,3.881,2.140
"13:38:08.600000",1.921,3.882,2.142
"13:38:08.800000",1.920,3.882,2.143
"13:38:09.000000",1.920,3.882,2.144
"13:38:09.200000",1.919,3.882,2.145
"13:38:09.400000",1.920,3.882,2.146
"13:38:09.600000",1.917,3.882,2.146
"13:38:09.800000",1.918,3.882,2.148
"13:38:10.000000",1.917,3.882,2.151
"13:38:10.200000",1.915,3.882,2.152
"13:38:10.400000",1.916,3.880,2.151
"13:38:10.600000",1.914,3.880,2.153
"13:38:10.800000",1.914,3.880,2.154
"13:38:11.000000",1.914,3.879,2.155
"13:38:11.200000",1.914,3.879,2.155
"13:38:11.400000",1.914,3.880,2.157
"13:38:11.600000",1.913,3.880,2.159
"13:38:11.800000",1.911,3.880,2.160
"13:38:12.000000",1.910,3.880,2.160
"13:38:12.200000",1.911,3.880,2.162
"13:38:12.400000",1.909,3.879,2.162
"13:38:12.600000",1.909,3.878,2.165
"13:38:12.800000",1.909,3.878,2.166
"13:38:13.000000",1.908,3.878,2.165
"13:38:13.200000",1.909,3.877,2.168
"13:38:13.400000",1.908,3.876,2.167
"13:38:13.600000",1.908,3.878,2.170
"13:38:13.800000",1.907,3.878,2.170
"13:38:14.000000",1.907,3.878,2.172
"13:38:14.200000",1.905,3.878,2.171
"13:38:14.400000",1.905,3.877,2.174
"13:38:14.600000",1.904,3.878,2.175
"13:38:14.800000",1.903,3.877,2.175
"13:38:15.000000",1.902,3.876,2.179
"13:38:15.200000",1.902,3.876,2.179
"13:38:15.400000",1.902,3.876,2.179
"13:38:15.600000",1.900,3.874,2.181
"13:38:15.800000",1.902,3.876,2.181
"13:38:16.000000",1.900,3.876,2.182
"13:38:16.200000",1.900,3.876,2.185
"13:38:16.400000",1.899,3.876,2.186
"13:38:16.600000",1.898,3.876,2.186
"13:38:16.800000",1.898,3.876,2.186
"13:38:17.000000",1.897,3.875,2.189
"13:38:17.200000",1.898,3.874,2.189
"13:38:17.400000",1.895,3.870,2.191
"13:38:17.600000",1.894,3.874,2.191
"13:38:17.800000",1.895,3.874,2.192
"13:38:18.000000",1.894,3.874,2.195
"13:38:18.200000",1.893,3.874,2.196
"13:38:18.400000",1.892,3.874,2.196
"13:38:18.600000",1.892,3.874,2.198
"13:38:18.800000",1.890,3.874,2.198
"13:38:19.000000",1.892,3.874,2.198
"13:38:19.200000",1.890,3.872,2.200
"13:38:19.400000",1.890,3.872,2.202
"13:38:19.600000",1.889,3.872,2.203
"13:38:19.800000",1.889,3.872,2.202
"13:38:20.000000",1.887,3.872,2.204
"13:38:20.200000",1.887,3.872,2.206
"13:38:20.400000",1.885,3.872,2.207
"13:38:20.600000",1.885,3.872,2.210
"13:38:20.800000",1.885,3.873,2.210
"13:38:21.000000",1.883,3.872,2.211
"13:38:21.200000",1.883,3.872,2.211
"13:38:21.400000",1.883,3.871,2.212
"13:38:21.600000",1.881,3.871,2.213
"13:38:21.800000",1.882,3.870,2.215
"13:38:22.000000",1.881,3.870,2.217
"13:38:22.200000",1.882,3.870,2.216
"13:38:22.400000",1.879,3.870,2.218
"13:38:22.600000",1.878,3.870,2.219
"13:38:22.800000",1.879,3.871,2.219
"13:38:23.000000",1.878,3.870,2.222
"13:38:23.200000",1.877,3.870,2.221
"13:38:23.400000",1.877,3.870,2.224
"13:38:23.600000",1.875,3.870,2.224
"13:38:23.800000",1.875,3.869,2.223
"13:38:24.000000",1.872,3.869,2.228
"13:38:24.200000",1.872,3.868,2.228
"13:38:24.400000",1.872,3.868,2.230
"13:38:24.600000",1.871,3.868,2.230
"13:38:24.800000",1.870,3.868,2.231
"13:38:25.000000",1.869,3.868,2.233
"13:38:25.200000",1.868,3.868,2.234
"13:38:25.400000",1.868,3.869,2.234
"13:38:25.600000",1.868,3.868,2.238
"13:38:25.800000",1.866,3.867,2.238
"13:38:26.000000",1.866,3.867,2.238
"13:38:26.200000",1.864,3.867,2.238
"13:38:26.400000",1.865,3.870,2.241
"13:38:26.600000",1.864,3.867,2.240
"13:38:26.800000",1.864,3.867,2.244
"13:38:27.000000",1.864,3.867,2.244
"13:38:27.200000",1.861,3.867,2.245
"13:38:27.400000",1.861,3.867,2.248
"13:38:27.600000",1.860,3.867,2.247
"13:38:27.800000",1.860,3.867,2.249
"13:38:28.000000",1.857,3.867,2.250
"13:38:28.200000",1.857,3.866,2.250
"13:38:28.400000",1.856,3.865,2.251
"13:38:28.600000",1.855,3.865,2.251
"13:38:28.800000",1.854,3.865,2.254
"13:38:29.000000",1.855,3.865,2.254
"13:38:29.200000",1.854,3.865,2.258
"13:38:29.400000",1.852,3.865,2.257
"13:38:29.600000",1.850,3.865,2.256
"13:38:29.800000",1.852,3.865,2.258
"13:38:30.000000",1.850,3.865,2.260
"13:38:30.200000",1.848,3.864,2.262
"13:38:30.400000",1.849,3.865,2.262
"13:38:30.600000",1.847,3.863,2.263
"13:38:30.800000",1.847,3.863,2.264
"13:38:31.000000",1.845,3.864,2.266
"13:38:31.200000",1.844,3.863,2.267
"13:38:31.400000",1.845,3.863,2.267
"13:38:31.600000",1.842,3.864,2.268
"13:38:31.800000",1.843,3.863,2.270
"13:38:32.000000",1.842,3.864,2.271
"13:38:32.200000",1.840,3.864,2.272
"13:38:32.400000",1.839,3.863,2.274
"13:38:32.600000",1.840,3.863,2.275
"13:38:32.800000",1.839,3.863,2.274
"13:38:33.000000",1.836,3.862,2.277
"13:38:33.200000",1.838,3.862,2.278
"13:38:33.400000",1.836,3.862,2.278
"13:38:33.600000",1.834,3.863,2.281
"13:38:33.800000",1.834,3.863,2.280
"13:38:34.000000",1.834,3.863,2.282
"13:38:34.200000",1.833,3.863,2.283
"13:38:34.400000",1.831,3.862,2.283
"13:38:34.600000",1.831,3.863,2.287
"13:38:34.800000",1.830,3.863,2.288
"13:38:35.000000",1.827,3.861,2.288
"13:38:35.200000",1.826,3.861,2.291
"13:38:35.400000",1.825,3.861,2.290
"13:38:35.600000",1.826,3.860,2.292
"13:38:35.800000",1.824,3.861,2.293
"13:38:36.000000",1.823,3.861,2.294
"13:38:36.200000",1.822,3.862,2.294
"13:38:36.400000",1.821,3.861,2.297
"13:38:36.600000",1.821,3.861,2.296
"13:38:36.800000",1.819,3.862,2.298
"13:38:37.000000",1.820,3.861,2.298
"13:38:37.200000",1.817,3.859,2.301
"13:38:37.400000",1.819,3.859,2.301
"13:38:37.600000",1.816,3.861,2.303
"13:38:37.800000",1.815,3.859,2.303
"13:38:38.000000",1.814,3.859,2.306
"13:38:38.200000",1.813,3.860,2.304
"13:38:38.400000",1.813,3.860,2.308
"13:38:38.600000",1.811,3.860,2.308
"13:38:38.800000",1.811,3.859,2.309
"13:38:39.000000",1.810,3.859,2.311
"13:38:39.200000",1.808,3.859,2.311
"13:38:39.400000",1.808,3.859,2.311
"13:38:39.600000",1.806,3.858,2.313
"13:38:39.800000",1.805,3.859,2.314
"13:38:40.000000",1.803,3.858,2.317
"13:38:40.200000",1.804,3.858,2.316
"13:38:40.400000",1.802,3.859,2.318
"13:38:40.600000",1.800,3.859,2.319
"13:38:40.800000",1.800,3.859,2.320
"13:38:41.000000",1.798,3.859,2.320
"13:38:41.200000",1.798,3.859,2.322
"13:38:41.400000",1.796,3.859,2.322
"13:38:41.600000",1.794,3.858,2.324
"13:38:41.800000",1.793,3.857,2.326
"13:38:42.000000",1.794,3.857,2.326
"13:38:42.200000",1.792,3.856,2.327
"13:38:42.400000",1.791,3.857,2.329
"13:38:42.600000",1.790,3.857,2.332
"13:38:42.800000",1.787,3.858,2.331
"13:38:43.000000",1.787,3.859,2.333
"13:38:43.200000",1.787,3.859,2.334
"13:38:43.400000",1.785,3.858,2.335
"13:38:43.600000",1.785,3.857,2.336
"13:38:43.800000",1.783,3.856,2.336
"13:38:44.000000",1.781,3.857,2.337
"13:38:44.200000",1.781,3.857,2.339
"13:38:44.400000",1.779,3.857,2.339
"13:38:44.600000",1.778,3.857,2.341
"13:38:44.800000",1.777,3.857,2.342
"13:38:45.000000",1.777,3.857,2.345
"13:38:45.200000",1.774,3.857,2.344
"13:38:45.400000",1.774,3.857,2.346
"13:38:45.600000",1.772,3.857,2.346
"13:38:45.800000",1.771,3.856,2.348
"13:38:46.000000",1.771,3.857,2.349
"13:38:46.200000",1.769,3.856,2.352
"13:38:46.400000",1.767,3.855,2.351
"13:38:46.600000",1.766,3.855,2.353
"13:38:46.800000",1.765,3.855,2.352
"13:38:47.000000",1.764,3.855,2.353
"13:38:47.200000",1.763,3.856,2.356
"13:38:47.400000",1.762,3.857,2.356
"13:38:47.600000",1.760,3.856,2.359
"13:38:47.800000",1.759,3.856,2.360
"13:38:48.000000",1.757,3.855,2.360
"13:38:48.200000",1.756,3.855,2.361
"13:38:48.400000",1.755,3.856,2.363
"13:38:48.600000",1.754,3.854,2.363
"13:38:48.800000",1.753,3.855,2.365
"13:38:49.000000",1.750,3.855,2.367
"13:38:49.200000",1.750,3.855,2.367
"13:38:49.400000",1.748,3.855,2.369
"13:38:49.600000",1.747,3.855,2.368
"13:38:49.800000",1.746,3.855,2.369
"13:38:50.000000",1.744,3.855,2.371
"13:38:50.200000",1.744,3.855,2.371
"13:38:50.400000",1.742,3.854,2.373
"13:38:50.600000",1.740,3.854,2.374
"13:38:50.800000",1.738,3.855,2.375
"13:38:51.000000",1.736,3.853,2.377
"13:38:51.200000",1.736,3.854,2.378
"13:38:51.400000",1.735,3.854,2.380
"13:38:51.600000",1.733,3.855,2.380
"13:38:51.800000",1.731,3.855,2.381
"13:38:52.000000",1.731,3.855,2.383
"13:38:52.200000",1.731,3.855,2.382
"13:38:52.400000",1.729,3.855,2.384
"13:38:52.600000",1.727,3.855,2.386
"13:38:52.800000",1.726,3.853,2.386
"13:38:53.000000",1.723,3.852,2.388
"13:38:53.200000",1.720,3.852,2.390
"13:38:53.400000",1.720,3.852,2.388
"13:38:53.600000",1.718,3.852,2.391
"13:38:53.800000",1.717,3.855,2.393
"13:38:54.000000",1.716,3.854,2.393
"13:38:54.200000",1.714,3.854,2.395
"13:38:54.400000",1.713,3.854,2.394
"13:38:54.600000",1.711,3.852,2.397
"13:38:54.800000",1.709,3.853,2.398
"13:38:55.000000",1.709,3.853,2.399
"13:38:55.200000",1.705,3.852,2.400
"13:38:55.400000",1.703,3.852,2.401
"13:38:55.600000",1.703,3.852,2.401
"13:38:55.800000",1.701,3.853,2.403
"13:38:56.000000",1.700,3.853,2.405
"13:38:56.200000",1.698,3.854,2.404
"13:38:56.400000",1.697,3.853,2.408
"13:38:56.600000",1.695,3.853,2.407
"13:38:56.800000",1.693,3.852,2.410
"13:38:57.000000",1.691,3.852,2.410
"13:38:57.200000",1.689,3.852,2.412
"13:38:57.400000",1.687,3.851,2.412
"13:38:57.600000",1.685,3.852,2.413
"13:38:57.800000",1.683,3.851,2.415
"13:38:58.000000",1.683,3.852,2.416
"13:38:58.200000",1.679,3.852,2.416
"13:38:58.400000",1.678,3.852,2.419
"13:38:58.600000",1.676,3.852,2.419
"13:38:58.800000",1.673,3.853,2.420
"13:38:59.000000",1.672,3.852,2.421
"13:38:59.200000",1.670,3.852,2.423
"13:38:59.400000",1.667,3.851,2.423
"13:38:59.600000",1.667,3.851,2.426
"13:38:59.800000",1.665,3.852,2.425
"13:39:00.000000",1.663,3.851,2.425
"13:39:00.200000",1.661,3.851,2.427
"13:39:00.400000",1.658,3.852,2.429
"13:39:00.600000",1.657,3.852,2.431
"13:39:00.800000",1.653,3.851,2.431
"13:39:01.000000",1.650,3.852,2.431
"13:39:01.200000",1.650,3.852,2.435
"13:39:01.400000",1.648,3.851,2.435
"13:39:01.600000",1.641,3.850,2.435
"13:39:01.800000",1.643,3.850,2.438
"13:39:02.000000",1.639,3.850,2.438
"13:39:02.200000",1.639,3.850,2.439
"13:39:02.400000",1.635,3.851,2.440
"13:39:02.600000",1.635,3.851,2.442
"13:39:02.800000",1.631,3.850,2.442
"13:39:03.000000",1.631,3.850,2.442
"13:39:03.200000",1.625,3.851,2.445
"13:39:03.400000",1.625,3.850,2.444
"13:39:03.600000",1.621,3.851,2.448
"13:39:03.800000",1.620,3.850,2.447
"13:39:04.000000",1.616,3.849,2.449
"13:39:04.200000",1.613,3.849,2.450
"13:39:04.400000",1.611,3.849,2.450
"13:39:04.600000",1.609,3.850,2.452
"13:39:04.800000",1.605,3.850,2.453
"13:39:05.000000",1.603,3.850,2.455
"13:39:05.200000",1.598,3.850,2.456
"13:39:05.400000",1.597,3.850,2.456
"13:39:05.600000",1.594,3.850,2.457
"13:39:05.800000",1.591,3.849,2.459
"13:39:06.000000",1.587,3.849,2.460
"13:39:06.200000",1.585,3.848,2.460
"13:39:06.400000",1.581,3.848,2.462
"13:39:06.600000",1.577,3.848,2.463
"13:39:06.800000",1.573,3.850,2.463
"13:39:07.000000",1.571,3.849,2.466
"13:39:07.200000",1.567,3.849,2.467
"13:39:07.400000",1.564,3.850,2.467
"13:39:07.600000",1.558,3.850,2.469
"13:39:07.800000",1.553,3.849,2.469
"13:39:08.000000",1.547,3.849,2.472
"13:39:08.200000",1.522,3.849,2.470
"13:39:08.400000",0.015,3.843,2.472
"13:39:08.600000",0.013,3.843,2.474
"13:39:08.800000",0.014,3.842,2.475
"13:39:09.000000",0.013,3.843,2.476
"13:39:09.200000",0.013,3.844,2.476
"13:39:09.400000",0.014,3.841,2.479
"13:39:09.600000",0.012,3.844,2.480
"13:39:09.800000",0.015,3.844,2.480
"13:39:10.000000",0.014,3.843,2.482
"13:39:10.200000",0.012,3.842,2.484
"13:39:10.400000",0.013,3.842,2.483
"13:39:10.600000",0.014,3.841,2.485
"13:39:10.800000",0.014,3.841,2.487
"13:39:11.000000",0.012,3.842,2.489
"13:39:11.200000",0.014,3.842,2.489
"13:39:11.400000",0.014,3.842,2.490
"13:39:11.600000",0.012,3.842,2.491
"13:39:11.800000",0.014,3.842,2.492
"13:39:12.000000",0.014,3.842,2.493
"13:39:12.200000",0.014,3.842,2.494
"13:39:12.400000",0.013,3.842,2.495
"13:39:12.600000",0.013,3.842,2.495
"13:39:12.800000",0.013,3.841,2.497
"13:39:13.000000",0.014,3.842,2.500
"13:39:13.200000",0.013,3.841,2.500
"13:39:13.400000",0.013,3.841,2.500
"13:39:13.600000",0.014,3.842,2.499
"13:39:13.800000",0.014,3.842,2.499
"13:39:14.000000",0.014,3.841,2.498
"13:39:14.200000",0.015,3.842,2.498
"13:39:14.400000",0.013,3.842,2.500
"13:39:14.600000",0.013,3.840,2.501
"13:39:14.800000",0.013,3.841,2.497
"13:39:15.000000",0.015,3.840,2.497
"13:39:15.200000",0.013,3.840,2.497
"13:39:15.400000",0.012,3.840,2.499
"13:39:15.600000",0.014,3.840,2.499
"13:39:15.800000",0.014,3.840,2.499
"13:39:16.000000",0.013,3.841,2.499
"13:39:16.200000",0.012,3.841,2.500
"13:39:16.400000",0.012,3.842,2.500
"13:39:16.600000",0.012,3.840,2.500
"13:39:16.800000",0.014,3.840,2.497
"13:39:17.000000",0.014,3.840,2.498
"13:39:17.200000",0.014,3.840,2.500
"13:39:17.400000",0.013,3.839,2.499
"13:39:17.600000",0.014,3.839,2.498
"13:39:17.800000",0.012,3.840,2.499
